1,visible,ewarratt0,jtimby0,message,"go away jtimby0?","2024-02-28 01:04:58"
2,visible,dsheering1,abucknell1,message,"How are you abucknell1?","2024-01-31 21:01:44"
3,visible,rlassen2,rpover2,message,"what's up rpover2?","2024-01-29 15:42:13"
4,visible,bthomason3,fsimla3,message,"Hey fsimla3?","2024-02-23 18:27:22"
5,invisible,ashirtcliffe4,public,story,"I would like to get to know you better rskiplorne4?","2024-02-08 14:25:47"
6,invisible,mmounter5,public,story,"let’s get pizza sometime jdennehy5?","2024-02-23 06:57:50"
7,visible,pbrittoner6,esheaf6,message,"how about it esheaf6?","2024-02-24 01:21:26"
8,invisible,njackson7,public,story,"come hang w me pmckinney7?","2024-01-15 20:31:10"
9,visible,cgunda8,tbranney8,message,"let's meet up sometime tbranney8?","2024-01-09 22:16:17"
10,invisible,gadamides9,public,story,"Let’s meet up kwestfield9?","2024-01-28 23:10:03"
11,visible,tgonneta,pnaresa,message,"Hi pnaresa?","2024-01-11 20:06:33"
12,invisible,awortb,public,story,"Nice database dmartinatb?","2024-02-24 10:21:16"
13,invisible,cadcocksc,public,story,"I don’t want to see you amatzc?","2024-02-07 02:51:17"
14,visible,aneiland,aussherd,message,"go away aussherd?","2024-01-11 01:27:31"
15,visible,dshowaltere,wbeachampe,message,"how ya doin wbeachampe?","2024-01-16 15:55:14"
16,invisible,mwrightf,public,story,"How are you gmaclisef?","2024-01-12 19:31:51"
17,visible,rlinskeyg,qdimitrioug,message,"whatcha up to qdimitrioug?","2024-01-16 14:22:50"
18,invisible,oalph,public,story,"Hey amoffath?","2024-01-24 05:48:04"
19,visible,btasseleri,wkaasmanni,message,"Let’s meet up wkaasmanni?","2024-01-12 21:39:20"
20,invisible,ccastillaj,public,story,"Hey jbundockj?","2024-01-29 15:40:12"
21,visible,ostanyforthk,kfosdikek,message,"I don’t want to see you kfosdikek?","2024-01-01 23:32:51"
22,invisible,jharlockl,public,story,"go away pkainl?","2024-01-21 17:10:04"
23,invisible,etuerenam,public,story,"how ya doin echasteneym?","2024-01-07 07:03:13"
24,invisible,fwaterdrinkern,public,story,"how ya doin blangtonn?","2024-01-11 17:31:34"
25,visible,gcallano,pdelcastelo,message,"Hi pdelcastelo?","2024-01-19 11:17:06"
26,invisible,vcrosdillp,public,story,"sup ckemmisp?","2024-02-16 10:46:10"
27,invisible,tsinkinsq,public,story,"How are you kwilcockeq?","2024-01-15 03:57:35"
28,invisible,jhuftonr,public,story,"come hang w me eattreyr?","2024-01-27 17:27:45"
29,invisible,lmacvaughs,public,story,"come hang w me dbenadettes?","2024-01-31 14:03:38"
30,invisible,espallst,public,story,"Nice database ecarniert?","2024-02-01 17:07:31"
31,visible,dthumimu,mkermottu,message,"Hey mkermottu?","2024-02-12 10:02:02"
32,visible,akonerdingv,cgillbardv,message,"come hang w me cgillbardv?","2024-01-02 10:28:51"
33,invisible,gliddiardw,public,story,"let's meet up sometime lmatzaitisw?","2024-01-06 05:35:31"
34,invisible,shutcheonx,public,story,"how ya doin whartleburyx?","2024-02-02 06:56:13"
35,invisible,dduranty,public,story,"let's meet up sometime bmillionsy?","2024-01-24 01:41:51"
36,invisible,zlissettz,public,story,"how about it yeskriettz?","2024-01-05 01:24:24"
37,invisible,bleball10,public,story,"come hang w me fhampe10?","2024-01-17 09:31:57"
38,visible,hbrockelsby11,jhartford11,message,"Hey jhartford11?","2024-01-19 07:04:35"
39,invisible,jseiter12,public,story,"go away dhansana12?","2024-02-09 20:33:59"
40,invisible,rikins13,public,story,"whatcha up to rslipper13?","2024-01-27 18:48:24"
41,invisible,cespinho14,public,story,"whatcha up to lknottley14?","2024-01-06 20:57:33"
42,invisible,gfurness15,public,story,"let's meet up sometime cgiannazzo15?","2024-02-27 21:33:33"
43,visible,ltoe16,ssergant16,message,"Let’s meet up ssergant16?","2024-02-26 12:54:18"
44,invisible,mwalbridge17,public,story,"let's meet up sometime aboldra17?","2024-01-09 10:16:13"
45,visible,vdelamaine18,xlownds18,message,"I don’t want to see you xlownds18?","2024-02-28 20:52:09"
46,visible,cbrech19,kprinett19,message,"Nice database kprinett19?","2024-02-13 06:56:17"
47,invisible,mskamal1a,public,story,"Nice database rjancey1a?","2024-02-16 13:53:31"
48,invisible,ukonzelmann1b,bdukesbury1b,message,"go away bdukesbury1b?","2024-01-29 00:14:38"
49,invisible,jbembrick1c,public,story,"sup kgarthshore1c?","2024-01-11 11:52:38"
50,visible,mpyrah1d,fjewitt1d,message,"go away fjewitt1d?","2024-01-31 16:18:16"
51,visible,mstroban1e,fcuss1e,message,"I would like to get to know you better fcuss1e?","2024-02-03 16:45:46"
52,invisible,rdunrige1f,public,story,"Hey bfero1f?","2024-01-09 17:11:30"
53,invisible,toluney1g,public,story,"I would like to get to know you better bsnoding1g?","2024-01-14 00:36:45"
54,invisible,mtop1h,public,story,"How are you doing lpretti1h?","2024-01-31 11:14:19"
55,invisible,fdanat1i,public,story,"how ya doin alambertazzi1i?","2024-02-11 17:07:21"
56,visible,sdawidowitz1j,bbrideaux1j,message,"come hang w me bbrideaux1j?","2024-02-04 11:04:42"
57,visible,rskelly1k,whirsch1k,message,"Where are you whirsch1k?","2024-01-25 06:27:51"
58,invisible,spetroselli1l,public,story,"How are you scouling1l?","2024-02-22 19:57:23"
59,invisible,jdarville1m,public,story,"come hang w me gexter1m?","2024-01-17 04:29:43"
60,invisible,mpennone1n,public,story,"Let’s meet up laronsohn1n?","2024-02-09 03:14:12"
61,invisible,driggs1o,public,story,"Hi ebartosch1o?","2024-01-30 13:41:24"
62,visible,cneath1p,atarquini1p,message,"how ya doin atarquini1p?","2024-02-02 09:07:58"
63,invisible,gkettlestringe1q,public,story,"Hey zblay1q?","2024-01-22 21:57:57"
64,visible,avisick1r,pmcfall1r,message,"I don’t want to see you pmcfall1r?","2024-01-27 08:54:18"
65,visible,cnelthropp1s,cbonus1s,message,"How are you doing cbonus1s?","2024-01-02 09:39:03"
66,invisible,zdemendoza1t,public,story,"How are you doing mhaggis1t?","2024-02-23 08:51:52"
67,invisible,qheijnen1u,public,story,"let’s get pizza sometime dpettigree1u?","2024-02-05 16:01:39"
68,visible,vgallafant1v,janan1v,message,"Hi janan1v?","2024-01-12 13:47:19"
69,invisible,clowrie1w,public,story,"let's meet up sometime rcrighton1w?","2024-01-22 00:01:59"
70,invisible,mffrench1x,public,story,"how ya doin ilesurf1x?","2024-01-04 17:16:27"
71,invisible,lburgane1y,public,story,"how ya doin hrayson1y?","2024-01-28 23:01:29"
72,invisible,fbetham1z,chadgraft1z,message,"whatcha up to chadgraft1z?","2024-01-12 19:16:56"
73,visible,ynussgen20,ccotsford20,message,"sup ccotsford20?","2024-02-19 20:32:16"
74,invisible,gyerborn21,public,story,"what's up hcadore21?","2024-01-13 03:41:13"
75,visible,cwattam22,daloway22,message,"How are you daloway22?","2024-02-23 03:31:13"
76,visible,yokenden23,rbartlomieczak23,message,"go away rbartlomieczak23?","2024-01-12 02:29:27"
77,visible,jschleswigholstein24,pdallewater24,message,"Nice database pdallewater24?","2024-01-16 08:13:26"
78,visible,fmellonby25,cpellamont25,message,"let's meet up sometime cpellamont25?","2024-02-08 13:19:39"
79,invisible,hclay26,public,story,"Hi dparke26?","2024-02-08 05:24:10"
80,invisible,gellins27,public,story,"I don’t want to see you mguillart27?","2024-01-10 23:30:54"
81,invisible,jdelong28,public,story,"let's meet up sometime rpredohl28?","2024-01-15 08:07:24"
82,visible,tbaseley29,mcaghy29,message,"how about it mcaghy29?","2024-01-28 03:51:39"
83,visible,bchaimson2a,hbartlet2a,message,"Nice database hbartlet2a?","2024-02-24 23:34:22"
84,invisible,akitcat2b,public,story,"How are you oguntrip2b?","2024-01-13 15:19:20"
85,visible,smcgahy2c,cmargetson2c,message,"Nice database cmargetson2c?","2024-02-14 10:04:16"
86,visible,ewileman2d,wclute2d,message,"Where are you wclute2d?","2024-01-06 02:28:55"
87,visible,nhaskins2e,agiovannilli2e,message,"Let’s meet up agiovannilli2e?","2024-01-19 03:21:22"
88,invisible,atraise2f,public,story,"sup asonger2f?","2024-02-01 22:49:19"
89,invisible,jedmonds2g,public,story,"whatcha up to ucaroli2g?","2024-02-19 06:20:37"
90,visible,jgunner2h,public,story,"Hi kgajownik2h?","2024-02-28 20:52:09"
91,visible,ahonniebal2i,fmactrustie2i,message,"what's up fmactrustie2i?","2024-01-27 16:04:32"
92,visible,jbearn2j,mlawden2j,message,"Where are you mlawden2j?","2024-01-06 00:52:04"
93,visible,gmullaney2k,akingwell2k,message,"Hey akingwell2k?","2024-02-14 06:27:57"
94,visible,tnoen2l,wtokley2l,message,"Hi wtokley2l?","2024-02-19 01:04:18"
95,invisible,cgowers2m,public,story,"How are you emccahey2m?","2024-01-19 18:57:09"
96,invisible,eandriveaux2n,public,story,"Hey jtrowell2n?","2024-01-26 00:49:57"
97,visible,rellingford2o,hdeambrosi2o,message,"what's up hdeambrosi2o?","2024-02-23 16:52:57"
98,invisible,eyeld2p,public,story,"go away sdewdney2p?","2024-01-05 09:15:13"
99,invisible,tsayton2q,public,story,"sup rbranchett2q?","2024-02-25 15:10:46"
100,visible,cdean2r,cmickan2r,message,"come hang w me cmickan2r?","2024-02-23 14:42:43"
101,visible,gfenny2s,inazer2s,message,"what's up inazer2s?","2024-01-14 04:37:07"
102,invisible,gdunnico2t,public,story,"go away mespine2t?","2024-01-18 13:32:24"
103,invisible,erobathon2u,public,story,"I would like to get to know you better galdrin2u?","2024-02-13 20:51:04"
104,invisible,ncaine2v,public,story,"How are you doing agroucutt2v?","2024-01-09 17:16:26"
105,invisible,ltomkiss2w,public,story,"what's up tsrutton2w?","2024-01-12 06:05:36"
106,invisible,fniessen2x,public,story,"Where are you ngadie2x?","2024-02-22 00:08:39"
107,invisible,lollenbuttel2y,public,story,"Where are you hferrulli2y?","2024-01-01 15:14:29"
108,invisible,kfermin2z,echarteris2z,message,"I don’t want to see you echarteris2z?","2024-02-16 19:01:18"
109,visible,ddunk30,dspoors30,message,"How are you doing dspoors30?","2024-02-06 04:21:06"
110,visible,dgroll31,jmcginty31,message,"Hey jmcginty31?","2024-01-08 23:56:45"
111,visible,hhelliwell32,mmceachern32,message,"Hey mmceachern32?","2024-02-16 15:21:44"
112,visible,pkither33,tmalby33,message,"come hang w me tmalby33?","2024-02-25 14:11:33"
113,visible,hlewcock34,lbrackstone34,message,"I don’t want to see you lbrackstone34?","2024-01-04 03:33:24"
114,invisible,crahlof35,public,story,"what's up zotimony35?","2024-02-12 03:44:39"
115,invisible,abrosnan36,public,story,"Let’s meet up gamberson36?","2024-01-26 17:11:56"
116,invisible,amcgill37,public,story,"Let’s meet up abailess37?","2024-01-26 20:07:20"
117,invisible,lkidby38,public,story,"how about it lbrawley38?","2024-02-10 15:32:06"
118,visible,akenealy39,mkubik39,message,"Hi mkubik39?","2024-01-28 05:08:58"
119,invisible,bosuaird3a,public,story,"I would like to get to know you better ewinfield3a?","2024-01-11 21:17:30"
120,invisible,spallent3b,public,story,"Let’s meet up vstubbes3b?","2024-02-08 02:54:29"
121,visible,norpin3c,gmclae3c,message,"Hey gmclae3c?","2024-01-13 12:37:36"
122,visible,mshedd3d,shunnicot3d,message,"How are you doing shunnicot3d?","2024-02-25 07:21:57"
123,invisible,phamblett3e,public,story,"how about it vpummell3e?","2024-01-24 12:04:29"
124,invisible,gsmallwood3f,public,story,"how ya doin ibyfford3f?","2024-01-14 16:44:43"
125,visible,amorley3g,dcleve3g,message,"Hey dcleve3g?","2024-02-11 08:32:46"
126,invisible,hshortin3h,public,story,"whatcha up to kbinder3h?","2024-01-01 13:08:40"
127,visible,ctyndall3i,pmckellen3i,message,"Hi pmckellen3i?","2024-01-31 03:49:26"
128,invisible,mtidd3j,public,story,"Hey mbirks3j?","2024-01-24 07:20:20"
129,visible,rdjokic3k,wcalles3k,message,"I don’t want to see you wcalles3k?","2024-01-11 02:52:59"
130,visible,alefeuvre3l,hpollitt3l,message,"let's meet up sometime hpollitt3l?","2024-01-11 01:52:55"
131,visible,lord3m,ericold3m,message,"how about it ericold3m?","2024-02-03 18:30:26"
132,invisible,dashwell3n,akleingrub3n,message,"I don’t want to see you akleingrub3n?","2024-02-26 08:15:32"
133,visible,pdubble3o,ageary3o,message,"come hang w me ageary3o?","2024-01-03 14:58:52"
134,invisible,smcgrotty3p,public,story,"Hi aclace3p?","2024-02-08 00:14:51"
135,visible,imcgreay3q,public,story,"how about it lodd3q?","2024-02-28 20:52:09"
136,invisible,mvasilkov3r,public,story,"How are you bsongist3r?","2024-02-21 13:19:38"
137,invisible,abielfelt3s,public,story,"Hey sszach3s?","2024-01-10 06:03:05"
138,visible,tjessep3t,tnasi3t,message,"come hang w me tnasi3t?","2024-02-13 13:48:42"
139,visible,avass3u,jmousdall3u,message,"How are you doing jmousdall3u?","2024-01-13 22:38:03"
140,invisible,dgeharke3v,public,story,"sup uyakobovitz3v?","2024-01-28 11:49:21"
141,visible,jperutto3w,ighidoli3w,message,"Let’s meet up ighidoli3w?","2024-01-04 21:26:48"
142,visible,ntwelves3x,dashton3x,message,"Nice database dashton3x?","2024-02-16 07:31:15"
143,visible,hcrayk3y,bdulwitch3y,message,"Nice database bdulwitch3y?","2024-02-17 03:10:18"
144,invisible,kmein3z,public,story,"How are you doing rbulteel3z?","2024-02-04 13:42:13"
145,invisible,afeatherbie40,public,story,"Where are you akuhwald40?","2024-01-18 16:35:02"
146,invisible,pcinavas41,public,story,"Let’s meet up hharrington41?","2024-01-10 06:15:25"
147,visible,cjanos42,ddmych42,message,"let's meet up sometime ddmych42?","2024-01-09 07:38:21"
148,invisible,fchestnut43,public,story,"I don’t want to see you gamdohr43?","2024-02-17 18:23:42"
149,invisible,lmalcolmson44,public,story,"Hi pgudd44?","2024-02-11 19:40:19"
150,visible,tcoyte45,kbooij45,message,"what's up kbooij45?","2024-02-15 14:14:16"
151,invisible,pewart46,public,story,"How are you wbloodworth46?","2024-02-09 03:51:56"
152,visible,agiacobillo47,vblitz47,message,"go away vblitz47?","2024-02-13 00:44:22"
153,invisible,sgrcic48,public,story,"How are you doing coverstall48?","2024-01-28 13:02:56"
154,visible,jschwandermann49,zrawes49,message,"let’s get pizza sometime zrawes49?","2024-02-13 00:53:18"
155,invisible,mjecks4a,public,story,"let’s get pizza sometime bbaynton4a?","2024-01-10 19:11:21"
156,invisible,dleeson4b,lnoddle4b,message,"Nice database lnoddle4b?","2024-02-24 21:37:44"
157,visible,dszwarc4c,bmcelory4c,message,"let's meet up sometime bmcelory4c?","2024-02-27 10:15:20"
158,invisible,bbogart4d,public,story,"Nice database bchastel4d?","2024-01-12 21:37:58"
159,visible,aosler4e,rbazek4e,message,"How are you rbazek4e?","2024-02-07 23:26:41"
160,invisible,ecaisley4f,public,story,"come hang w me bvido4f?","2024-02-26 04:25:56"
161,invisible,pespinazo4g,public,story,"How are you tworvill4g?","2024-01-18 06:10:36"
162,visible,cmcboyle4h,sferia4h,message,"How are you doing sferia4h?","2024-02-07 18:49:24"
163,invisible,dmartinovic4i,public,story,"I would like to get to know you better mbinks4i?","2024-01-13 12:20:33"
164,invisible,bwenn4j,public,story,"Let’s meet up sdevanny4j?","2024-01-07 16:26:59"
165,invisible,gcassey4k,public,story,"let's meet up sometime vkuhlmey4k?","2024-02-22 08:19:43"
166,invisible,tdoig4l,public,story,"Let’s meet up laveray4l?","2024-02-23 08:15:53"
167,invisible,stabert4m,public,story,"how about it ddiglin4m?","2024-01-27 20:51:23"
168,invisible,kmayze4n,mgarrud4n,message,"let's meet up sometime mgarrud4n?","2024-01-29 11:07:00"
169,visible,ksarjent4o,jolyet4o,message,"How are you jolyet4o?","2024-02-12 03:41:37"
170,visible,meglinton4p,kloughran4p,message,"whatcha up to kloughran4p?","2024-02-24 07:09:21"
171,invisible,amclleese4q,public,story,"How are you iskrines4q?","2024-02-19 00:40:35"
172,visible,bstubbs4r,cwitcher4r,message,"Hi cwitcher4r?","2024-02-27 17:33:22"
173,invisible,aworvill4s,public,story,"Nice database jtreversh4s?","2024-02-17 00:32:38"
174,invisible,cfeeley4t,public,story,"whatcha up to apearn4t?","2024-02-08 13:50:46"
175,invisible,cskate4u,public,story,"I don’t want to see you beagles4u?","2024-02-12 17:00:02"
176,invisible,awinteringham4v,public,story,"how about it pioan4v?","2024-01-13 21:17:49"
177,invisible,pharnett4w,public,story,"Where are you ktribbeck4w?","2024-02-27 02:08:01"
178,invisible,cdegliantoni4x,public,story,"go away bbryning4x?","2024-01-31 20:20:47"
179,visible,iselkirk4y,sprise4y,message,"Hey sprise4y?","2024-02-24 23:40:51"
180,invisible,gjopling4z,aparysowna4z,message,"Let’s meet up aparysowna4z?","2024-02-28 20:52:09"
181,visible,agrishukhin50,jlawlan50,message,"I don’t want to see you jlawlan50?","2024-01-10 11:14:42"
182,invisible,pghidotti51,public,story,"what's up dpecey51?","2024-02-05 11:18:17"
183,invisible,naleso52,public,story,"How are you ccapes52?","2024-02-06 10:31:47"
184,invisible,rnewbury53,public,story,"Let’s meet up cmusla53?","2024-01-10 23:21:08"
185,visible,sschiementz54,fmattiacci54,message,"let's meet up sometime fmattiacci54?","2024-02-11 02:52:22"
186,visible,cbenza55,coneil55,message,"whatcha up to coneil55?","2024-02-22 03:37:40"
187,visible,mfeeny56,kclericoates56,message,"how about it kclericoates56?","2024-01-27 00:52:46"
188,invisible,apareman57,public,story,"how about it cketley57?","2024-01-11 14:00:43"
189,invisible,bsimnor58,public,story,"Hey tregler58?","2024-01-06 15:03:33"
190,invisible,chovee59,public,story,"how ya doin scolson59?","2024-01-27 04:04:44"
191,visible,wjancy5a,ccovell5a,message,"I don’t want to see you ccovell5a?","2024-01-27 05:26:36"
192,invisible,bgherardi5b,public,story,"Nice database lkordas5b?","2024-01-27 20:09:43"
193,invisible,epurser5c,public,story,"Nice database jnorledge5c?","2024-01-29 14:56:20"
194,visible,rlawlings5d,bielden5d,message,"come hang w me bielden5d?","2024-01-17 23:22:38"
195,visible,gcaro5e,kdubber5e,message,"I would like to get to know you better kdubber5e?","2024-01-31 02:33:09"
196,visible,kkunath5f,awynrehame5f,message,"what's up awynrehame5f?","2024-01-06 18:44:38"
197,invisible,fdecourcy5g,public,story,"How are you abirts5g?","2024-02-03 03:10:22"
198,invisible,mtestin5h,public,story,"Nice database qivankin5h?","2024-01-26 18:56:35"
199,visible,krycraft5i,jlettuce5i,message,"whatcha up to jlettuce5i?","2024-01-10 11:11:15"
200,invisible,cmafham5j,public,story,"Where are you rcroy5j?","2024-01-07 22:50:10"
201,invisible,csprosson5k,public,story,"come hang w me gtownshend5k?","2024-01-08 03:21:42"
202,invisible,mpetrowsky5l,public,story,"Hey jheathcott5l?","2024-01-29 10:12:06"
203,invisible,hmyhill5m,public,story,"I would like to get to know you better ksharples5m?","2024-01-26 10:05:42"
204,invisible,eockleshaw5n,public,story,"what's up ctidball5n?","2024-01-19 17:52:24"
205,invisible,mcringle5o,public,story,"I would like to get to know you better abrighty5o?","2024-01-10 16:05:40"
206,visible,bjacqueme5p,dsylvester5p,message,"Let’s meet up dsylvester5p?","2024-02-27 10:32:58"
207,invisible,svigars5q,public,story,"Hi atesche5q?","2024-02-01 22:24:06"
208,visible,bhutt5r,santill5r,message,"Where are you santill5r?","2024-02-10 11:49:36"
209,invisible,wcoase5s,public,story,"Hey uklosges5s?","2024-01-13 06:43:45"
210,invisible,jfreed5t,public,story,"I would like to get to know you better tbearcock5t?","2024-02-10 05:19:55"
211,visible,kbillborough5u,nsodor5u,message,"whatcha up to nsodor5u?","2024-02-02 16:57:58"
212,visible,abarhems5v,wlancley5v,message,"let's meet up sometime wlancley5v?","2024-01-31 14:55:24"
213,invisible,ugonzalez5w,public,story,"Nice database astrongman5w?","2024-02-25 17:59:43"
214,visible,ecole5x,scicconetti5x,message,"go away scicconetti5x?","2024-02-03 13:39:48"
215,visible,mfuggle5y,rblowen5y,message,"let’s get pizza sometime rblowen5y?","2024-02-03 13:03:15"
216,invisible,jgerold5z,rfranzolini5z,message,"Hey rfranzolini5z?","2024-01-28 13:17:45"
217,visible,ipotte60,rphilippeaux60,message,"Nice database rphilippeaux60?","2024-02-03 23:08:13"
218,invisible,ckroger61,public,story,"what's up kdundendale61?","2024-01-16 22:53:35"
219,visible,pwillers62,bgilcriest62,message,"How are you doing bgilcriest62?","2024-01-03 04:51:22"
220,visible,cpetyankin63,amatresse63,message,"go away amatresse63?","2024-01-19 19:36:02"
221,visible,bmcilhatton64,wdwyr64,message,"let's meet up sometime wdwyr64?","2024-01-06 00:18:55"
222,invisible,lcuthill65,public,story,"Hi nnoonan65?","2024-02-03 07:52:09"
223,visible,cfeige66,cbrindle66,message,"let's meet up sometime cbrindle66?","2024-02-26 14:02:24"
224,invisible,emacak67,public,story,"I would like to get to know you better jrobbeke67?","2024-01-16 16:54:04"
225,visible,bbinder68,jfisbey68,message,"Let’s meet up jfisbey68?","2024-02-28 20:52:09"
226,visible,nbere69,asouthern69,message,"Hi asouthern69?","2024-02-02 09:27:19"
227,visible,lstote6a,rpeinke6a,message,"Nice database rpeinke6a?","2024-02-08 11:33:41"
228,invisible,eperchard6b,public,story,"whatcha up to strimble6b?","2024-01-30 11:32:54"
229,invisible,ghilhouse6c,public,story,"how ya doin amacneice6c?","2024-01-23 15:09:22"
230,visible,dgosden6d,scrabbe6d,message,"Where are you scrabbe6d?","2024-01-31 23:03:26"
231,invisible,kellar6e,public,story,"what's up clarrie6e?","2024-02-13 20:59:36"
232,visible,msmylie6f,cshearn6f,message,"how ya doin cshearn6f?","2024-02-27 16:35:13"
233,visible,sreichelt6g,zrosekilly6g,message,"how ya doin zrosekilly6g?","2024-02-15 00:39:32"
234,visible,ccrocroft6h,qboothjarvis6h,message,"whatcha up to qboothjarvis6h?","2024-02-04 15:54:19"
235,visible,estange6i,amitchelhill6i,message,"come hang w me amitchelhill6i?","2024-01-21 14:37:51"
236,visible,jrounsefell6j,lderx6j,message,"Where are you lderx6j?","2024-02-03 09:08:27"
237,invisible,operez6k,public,story,"come hang w me deast6k?","2024-02-15 02:54:57"
238,invisible,agallier6l,public,story,"go away mgideon6l?","2024-01-27 19:03:08"
239,invisible,agocher6m,public,story,"How are you doing lmelpuss6m?","2024-01-02 02:11:28"
240,invisible,ggristwood6n,cslesser6n,message,"How are you doing cslesser6n?","2024-01-30 16:25:02"
241,invisible,arosenkrantz6o,public,story,"How are you freveland6o?","2024-01-11 16:39:41"
242,visible,rtreleven6p,adessant6p,message,"how about it adessant6p?","2024-01-11 15:23:03"
243,invisible,tbletso6q,public,story,"Hey hsikora6q?","2024-02-15 12:31:27"
244,invisible,elabern6r,public,story,"How are you hfortman6r?","2024-02-14 08:06:24"
245,invisible,gdimitriades6s,public,story,"how ya doin blorraine6s?","2024-01-21 03:24:22"
246,visible,phaithwaite6t,hblakeney6t,message,"Let’s meet up hblakeney6t?","2024-01-20 20:22:29"
247,visible,wmacgarvey6u,ofosher6u,message,"what's up ofosher6u?","2024-01-26 09:27:48"
248,visible,acalendar6v,jsinkins6v,message,"sup jsinkins6v?","2024-01-24 22:22:13"
249,visible,cmcelree6w,mzanolli6w,message,"come hang w me mzanolli6w?","2024-02-25 17:50:18"
250,visible,velvish6x,dpleaden6x,message,"How are you dpleaden6x?","2024-01-19 20:36:56"
251,visible,ngooble6y,dbase6y,message,"Hey dbase6y?","2024-01-12 11:58:06"
252,invisible,apatkin6z,public,story,"How are you jworld6z?","2024-02-07 20:39:50"
253,invisible,ghapper70,public,story,"how about it nlepere70?","2024-02-15 11:23:49"
254,invisible,hbloodworthe71,public,story,"How are you doing jmerryweather71?","2024-02-17 04:15:53"
255,invisible,xdemschke72,public,story,"Nice database hcicutto72?","2024-01-23 21:49:42"
256,visible,kpenhaligon73,ddachs73,message,"Let’s meet up ddachs73?","2024-02-09 15:02:18"
257,invisible,mstitwell74,public,story,"Where are you mluc74?","2024-01-18 06:09:11"
258,visible,mbitcheno75,etwaite75,message,"Where are you etwaite75?","2024-01-31 06:13:05"
259,invisible,tblacklock76,public,story,"Hi bguitte76?","2024-02-03 08:16:29"
260,invisible,tbusson77,public,story,"sup tfossitt77?","2024-01-17 06:03:39"
261,invisible,fkrier78,public,story,"let’s get pizza sometime ecarleman78?","2024-01-19 00:03:53"
262,visible,mthomason79,mpethick79,message,"How are you doing mpethick79?","2024-01-17 08:39:44"
263,invisible,tcarbert7a,public,story,"what's up llamboll7a?","2024-02-18 09:02:49"
264,invisible,mgoodanew7b,jbirtley7b,message,"I would like to get to know you better jbirtley7b?","2024-02-16 20:43:12"
265,visible,bbullene7c,kkeeler7c,message,"Let’s meet up kkeeler7c?","2024-01-19 20:15:21"
266,invisible,aschild7d,public,story,"sup mpoints7d?","2024-01-13 19:37:56"
267,invisible,jconnew7e,public,story,"how about it sbratcher7e?","2024-02-07 07:39:29"
268,invisible,klambertz7f,public,story,"How are you doing lcamplen7f?","2024-02-04 01:24:12"
269,visible,nbroadfoot7g,hlangton7g,message,"Let’s meet up hlangton7g?","2024-02-14 05:51:44"
270,visible,abeeken7h,public,story,"how ya doin ewellbank7h?","2024-02-28 20:52:09"
271,invisible,overni7i,public,story,"Nice database ocolaco7i?","2024-01-14 02:29:37"
272,invisible,edaelman7j,public,story,"what's up gmerchant7j?","2024-02-15 07:02:23"
273,visible,acliffe7k,dmegarry7k,message,"Hey dmegarry7k?","2024-02-22 12:09:26"
274,invisible,chartopp7l,public,story,"Hey rfrantzen7l?","2024-01-12 19:27:30"
275,visible,ehovell7m,bdrinkale7m,message,"Hi bdrinkale7m?","2024-02-20 12:34:41"
276,invisible,syoodall7n,hrogan7n,message,"sup hrogan7n?","2024-01-14 10:50:17"
277,visible,cgrigoryev7o,raleavy7o,message,"what's up raleavy7o?","2024-02-21 02:57:42"
278,visible,lcoopman7p,dmaccombe7p,message,"whatcha up to dmaccombe7p?","2024-01-28 14:04:37"
279,visible,ajovovic7q,pivanchin7q,message,"Where are you pivanchin7q?","2024-02-05 15:05:51"
280,invisible,egrubey7r,public,story,"How are you doing astegell7r?","2024-01-21 17:17:25"
281,visible,jmcausland7s,lromanetti7s,message,"let’s get pizza sometime lromanetti7s?","2024-02-18 17:59:55"
282,visible,myukhnini7t,sfanthome7t,message,"whatcha up to sfanthome7t?","2024-01-04 19:52:09"
283,invisible,esillito7u,public,story,"how ya doin enormanvell7u?","2024-02-26 22:59:38"
284,invisible,kallsup7v,public,story,"Hi epegram7v?","2024-01-04 20:57:32"
285,visible,avivyan7w,roram7w,message,"sup roram7w?","2024-01-12 11:58:12"
286,visible,bdellenty7x,gjansson7x,message,"come hang w me gjansson7x?","2024-01-26 21:47:06"
287,visible,nweighell7y,belmhirst7y,message,"go away belmhirst7y?","2024-01-27 01:43:24"
288,invisible,dserck7z,cballinghall7z,message,"let’s get pizza sometime cballinghall7z?","2024-02-09 02:13:49"
289,visible,elipprose80,jantonoczyk80,message,"how ya doin jantonoczyk80?","2024-02-20 23:34:23"
290,visible,ghabard81,agostridge81,message,"go away agostridge81?","2024-01-11 05:59:54"
291,visible,rlampens82,lcoggan82,message,"how ya doin lcoggan82?","2024-02-07 01:49:55"
292,invisible,hfattore83,public,story,"I don’t want to see you npurrier83?","2024-02-26 03:55:47"
293,visible,sshank84,cfisher84,message,"Let’s meet up cfisher84?","2024-01-25 19:27:54"
294,visible,bhancke85,smaseres85,message,"let’s get pizza sometime smaseres85?","2024-02-21 21:20:58"
295,invisible,hkeysall86,public,story,"how ya doin lbrok86?","2024-01-01 03:10:03"
296,visible,serskin87,gbartalini87,message,"how about it gbartalini87?","2024-02-06 05:28:27"
297,invisible,atonkes88,public,story,"I don’t want to see you ywhiteoak88?","2024-01-09 18:29:16"
298,invisible,mollie89,public,story,"Hi gmontfort89?","2024-01-30 10:10:48"
299,visible,thails8a,mheatherington8a,message,"How are you mheatherington8a?","2024-01-27 14:10:04"
300,invisible,mollet8b,public,story,"I would like to get to know you better mreape8b?","2024-01-09 01:46:26"
301,visible,pmaylour8c,gsharples8c,message,"let’s get pizza sometime gsharples8c?","2024-01-26 10:35:58"
302,invisible,brappoport8d,public,story,"Hey pluck8d?","2024-01-17 16:11:24"
303,invisible,rbichard8e,public,story,"come hang w me sfilpi8e?","2024-01-21 21:22:22"
304,visible,gchanner8f,helms8f,message,"Hey helms8f?","2024-02-10 07:06:28"
305,visible,alooby8g,dtraves8g,message,"How are you doing dtraves8g?","2024-02-03 17:13:07"
306,invisible,bhadfield8h,public,story,"How are you doing dfyall8h?","2024-01-16 23:02:13"
307,invisible,rsantoro8i,public,story,"what's up lthuillier8i?","2024-02-26 11:46:30"
308,invisible,gpering8j,public,story,"How are you cboncore8j?","2024-02-20 18:24:29"
309,invisible,ahiddsley8k,public,story,"How are you doing esankey8k?","2024-02-12 23:59:22"
310,invisible,mcesconi8l,public,story,"How are you rgiocannoni8l?","2024-02-02 01:03:21"
311,invisible,gbartunek8m,public,story,"I would like to get to know you better hheindle8m?","2024-01-28 04:02:37"
312,invisible,jlauks8n,public,story,"How are you doing abridgwater8n?","2024-01-09 04:21:30"
313,visible,cmargaret8o,xtwamley8o,message,"How are you doing xtwamley8o?","2024-02-16 14:58:57"
314,invisible,cmusso8p,public,story,"Nice database oschutze8p?","2024-01-18 08:55:55"
315,visible,lblincko8q,public,story,"whatcha up to aswalough8q?","2024-02-28 20:52:09"
316,visible,awhawell8r,okirtland8r,message,"Where are you okirtland8r?","2024-02-09 12:16:55"
317,visible,colivella8s,kguild8s,message,"how ya doin kguild8s?","2024-01-03 22:29:14"
318,visible,hfilmer8t,creadwood8t,message,"How are you creadwood8t?","2024-02-13 22:28:36"
319,invisible,oglamart8u,public,story,"How are you doing dmacarthur8u?","2024-01-21 15:11:00"
320,visible,rtripe8v,smanson8v,message,"Hey smanson8v?","2024-01-15 02:44:37"
321,visible,hmapledoram8w,tdinnington8w,message,"how about it tdinnington8w?","2024-01-31 04:10:03"
322,invisible,rdanielian8x,public,story,"Hi jclair8x?","2024-02-16 15:52:45"
323,visible,rakker8y,braccio8y,message,"go away braccio8y?","2024-01-05 09:22:59"
324,invisible,rsenchenko8z,gaylmer8z,message,"come hang w me gaylmer8z?","2024-02-10 09:44:54"
325,invisible,rduckerin90,public,story,"come hang w me hirons90?","2024-01-12 01:31:10"
326,visible,mbaggott91,awhitter91,message,"Nice database awhitter91?","2024-01-29 23:08:00"
327,invisible,mpack92,public,story,"sup rklejna92?","2024-02-02 18:13:39"
328,invisible,ychimienti93,public,story,"whatcha up to tbukowski93?","2024-02-22 08:00:58"
329,visible,rrestieaux94,eyurkov94,message,"how about it eyurkov94?","2024-01-31 03:09:26"
330,visible,cwhile95,cyushmanov95,message,"sup cyushmanov95?","2024-01-24 19:21:07"
331,invisible,mfrostdick96,public,story,"sup jleemans96?","2024-01-15 00:30:52"
332,visible,cpuzey97,ovanhalen97,message,"what's up ovanhalen97?","2024-01-25 09:43:04"
333,visible,ftaffley98,msherborn98,message,"let’s get pizza sometime msherborn98?","2024-01-22 19:49:53"
334,visible,csamet99,gknudsen99,message,"how about it gknudsen99?","2024-01-16 00:43:04"
335,invisible,jhorlock9a,public,story,"go away wallred9a?","2024-01-29 14:41:26"
336,invisible,jshirer9b,tbarta9b,message,"let's meet up sometime tbarta9b?","2024-01-07 14:08:36"
337,invisible,lstrutley9c,public,story,"whatcha up to dmarden9c?","2024-01-21 06:44:30"
338,visible,mmeeus9d,sdurtnal9d,message,"Where are you sdurtnal9d?","2024-02-10 15:23:15"
339,invisible,amcmanamon9e,public,story,"how ya doin fghiroldi9e?","2024-01-29 13:48:16"
340,invisible,odelmonte9f,public,story,"Let’s meet up spleming9f?","2024-01-13 21:13:01"
341,invisible,amoggle9g,public,story,"come hang w me btheuss9g?","2024-01-27 00:20:09"
342,visible,omckall9h,wnunan9h,message,"I don’t want to see you wnunan9h?","2024-01-13 18:10:49"
343,visible,aschlagh9i,mtipton9i,message,"sup mtipton9i?","2024-02-10 11:25:28"
344,invisible,dalpin9j,public,story,"how ya doin kmourgue9j?","2024-01-30 15:56:32"
345,visible,wcrolly9k,mrolfo9k,message,"come hang w me mrolfo9k?","2024-01-11 08:39:35"
346,visible,skinnerley9l,ebattie9l,message,"I would like to get to know you better ebattie9l?","2024-02-08 07:40:16"
347,invisible,abloomfield9m,public,story,"Let’s meet up dpalfrey9m?","2024-02-17 10:06:46"
348,invisible,gsandbrook9n,pmcclune9n,message,"what's up pmcclune9n?","2024-01-22 04:02:25"
349,visible,cadenet9o,kanyon9o,message,"go away kanyon9o?","2024-02-01 04:24:01"
350,visible,sgibbon9p,eespinal9p,message,"let's meet up sometime eespinal9p?","2024-01-17 18:13:18"
351,invisible,lcamerana9q,public,story,"How are you rknotton9q?","2024-02-22 22:16:34"
352,visible,ividean9r,jmitroshinov9r,message,"let's meet up sometime jmitroshinov9r?","2024-01-28 16:07:15"
353,visible,gjones9s,rbraywood9s,message,"How are you rbraywood9s?","2024-02-19 09:45:12"
354,visible,rthunnercliffe9t,adyers9t,message,"let’s get pizza sometime adyers9t?","2024-01-10 17:52:45"
355,visible,mtansly9u,dharrigan9u,message,"whatcha up to dharrigan9u?","2024-01-03 13:37:15"
356,visible,sbosence9v,aleeb9v,message,"Nice database aleeb9v?","2024-02-14 06:55:15"
357,visible,djury9w,thuson9w,message,"I don’t want to see you thuson9w?","2024-01-26 23:51:46"
358,visible,rnockolds9x,lsennett9x,message,"How are you lsennett9x?","2024-02-02 19:48:40"
359,visible,llangley9y,ageeraert9y,message,"what's up ageeraert9y?","2024-01-10 03:59:05"
360,visible,mchristou9z,public,story,"what's up bspada9z?","2024-02-28 20:52:09"
361,visible,cglabacha0,epaolonea0,message,"Where are you epaolonea0?","2024-01-10 22:51:20"
362,invisible,smonckmana1,public,story,"how ya doin dbuckbya1?","2024-01-14 20:54:59"
363,invisible,lholdwortha2,public,story,"How are you ssturgessa2?","2024-02-08 23:54:32"
364,visible,awittiera3,asimoesa3,message,"Nice database asimoesa3?","2024-02-11 13:51:31"
365,visible,mberkaa4,mkeverena4,message,"How are you doing mkeverena4?","2024-02-18 06:55:54"
366,invisible,mflecknoea5,public,story,"How are you doing gcutbirtha5?","2024-01-05 13:04:47"
367,invisible,enutleya6,public,story,"let's meet up sometime qbettanaya6?","2024-01-20 03:28:50"
368,visible,pluttya7,fwhissella7,message,"sup fwhissella7?","2024-02-10 13:23:03"
369,visible,msartona8,amarchettia8,message,"what's up amarchettia8?","2024-01-25 05:28:19"
370,visible,bbirdsalla9,taylina9,message,"Hi taylina9?","2024-02-03 21:09:38"
371,visible,dneighbouraa,vfranzelaa,message,"I don’t want to see you vfranzelaa?","2024-02-25 05:58:05"
372,invisible,ccurringtonab,public,story,"how about it bbullivantab?","2024-01-06 12:37:57"
373,visible,elilbourneac,klongsonac,message,"how ya doin klongsonac?","2024-02-18 18:42:48"
374,invisible,nmccroaryad,public,story,"come hang w me thendinad?","2024-02-27 17:28:05"
375,visible,payrisae,tmacdermotae,message,"Hey tmacdermotae?","2024-01-13 19:58:23"
376,invisible,joliviaaf,public,story,"go away pbragancaaf?","2024-02-17 11:04:25"
377,invisible,gcarruthag,public,story,"whatcha up to ssheadag?","2024-02-12 12:13:26"
378,visible,asireah,cgoodreidah,message,"How are you cgoodreidah?","2024-01-29 20:21:36"
379,invisible,cfifootai,public,story,"Where are you dchimentiai?","2024-01-18 19:11:08"
380,visible,dirdaleaj,wwhitwhamaj,message,"how ya doin wwhitwhamaj?","2024-01-29 20:48:37"
381,visible,bsollomak,xmaypesak,message,"Hey xmaypesak?","2024-01-15 20:05:59"
382,visible,isetchfieldal,sadriaensal,message,"let’s get pizza sometime sadriaensal?","2024-02-26 03:27:55"
383,visible,apetrescuam,hgenningsam,message,"sup hgenningsam?","2024-02-13 23:23:52"
384,invisible,rsilcoxan,jturneyan,message,"sup jturneyan?","2024-01-31 08:49:52"
385,visible,aheinleinao,jsphinxeao,message,"sup jsphinxeao?","2024-01-02 20:07:41"
386,invisible,kossultonap,public,story,"go away cmcgirrap?","2024-02-11 18:04:55"
387,invisible,icaselickaq,public,story,"whatcha up to sshalcrasaq?","2024-01-21 05:30:33"
388,invisible,hcackettar,public,story,"let's meet up sometime scalderaar?","2024-01-22 07:58:08"
389,invisible,sshovelleras,public,story,"what's up elahiveas?","2024-02-25 10:03:39"
390,invisible,mlilleyat,public,story,"how ya doin hhuycheat?","2024-02-16 15:28:26"
391,invisible,mmckevinau,public,story,"let’s get pizza sometime wmaciejakau?","2024-01-11 05:10:18"
392,visible,lcanonav,zhowchinav,message,"Nice database zhowchinav?","2024-02-13 18:10:48"
393,visible,mboyleaw,bdurwardaw,message,"how about it bdurwardaw?","2024-01-21 03:59:02"
394,visible,jpollicottax,naikinax,message,"go away naikinax?","2024-01-31 09:52:47"
395,invisible,pfiridolfiay,public,story,"Nice database cstratiffay?","2024-02-19 22:55:44"
396,invisible,hhamlingtonaz,rbrugemannaz,message,"Hi rbrugemannaz?","2024-02-01 08:43:52"
397,visible,rciccib0,vvedyashkinb0,message,"I don’t want to see you vvedyashkinb0?","2024-02-14 14:48:06"
398,visible,alittb1,bwehdenb1,message,"Hey bwehdenb1?","2024-02-12 11:03:42"
399,visible,cbarckeb2,mwasmuthb2,message,"I don’t want to see you mwasmuthb2?","2024-02-04 01:39:56"
400,invisible,eloadesb3,public,story,"I would like to get to know you better cmcramseyb3?","2024-02-09 21:13:44"
401,invisible,isorbieb4,public,story,"how ya doin colenchikovb4?","2024-02-20 02:45:01"
402,visible,rhinrichsenb5,vbreddyb5,message,"come hang w me vbreddyb5?","2024-02-13 10:26:34"
403,visible,kstumpb6,texpositob6,message,"Where are you texpositob6?","2024-02-01 12:09:50"
404,visible,rlandyb7,gtompkissb7,message,"come hang w me gtompkissb7?","2024-02-23 07:16:22"
405,visible,hcancelierb8,public,story,"I don’t want to see you bmatsonb8?","2024-02-28 20:52:09"
406,invisible,edasb9,public,story,"whatcha up to jdoringb9?","2024-02-15 10:38:24"
407,visible,rfeverba,jduddanba,message,"let's meet up sometime jduddanba?","2024-02-15 00:41:12"
408,invisible,jdouglassbb,pwillavoysbb,message,"how about it pwillavoysbb?","2024-01-26 12:23:25"
409,invisible,mhummerstonbc,public,story,"whatcha up to spoelbc?","2024-01-29 19:03:11"
410,visible,wpetrollobd,awhimpbd,message,"whatcha up to awhimpbd?","2024-02-02 06:49:02"
411,visible,hoclerybe,ctattershallbe,message,"I would like to get to know you better ctattershallbe?","2024-01-12 19:46:13"
412,invisible,fwisherbf,public,story,"Hey aszymonibf?","2024-01-13 03:12:53"
413,visible,ckleinpeltzbg,sbeachembg,message,"how ya doin sbeachembg?","2024-01-25 05:13:53"
414,invisible,rhagertybh,public,story,"Let’s meet up gcicchillobh?","2024-01-22 10:32:07"
415,invisible,agaishbi,public,story,"sup rcouvesbi?","2024-01-19 10:38:02"
416,invisible,omaxwalebj,public,story,"whatcha up to pbarnsleybj?","2024-01-03 12:12:29"
417,invisible,pchidlowbk,public,story,"Where are you efranceschinobk?","2024-02-13 07:33:14"
418,invisible,tyakubovbl,public,story,"Nice database chedaubl?","2024-02-01 19:05:38"
419,invisible,mstrattenbm,public,story,"come hang w me cthebeaudbm?","2024-01-18 23:08:18"
420,invisible,cdicarlibn,public,story,"what's up rmaestrinibn?","2024-01-25 16:52:29"
421,visible,bcawdellbo,yvankovbo,message,"go away yvankovbo?","2024-02-23 11:12:00"
422,invisible,ddoddingbp,public,story,"how about it pradagebp?","2024-01-18 18:28:43"
423,invisible,dpugsleybq,public,story,"Hey zcrowdbq?","2024-01-22 10:49:07"
424,visible,ichittembr,cmackeegbr,message,"Let’s meet up cmackeegbr?","2024-01-11 22:32:02"
425,invisible,bracherbs,public,story,"Let’s meet up ialexsandrevbs?","2024-02-05 13:10:49"
426,visible,mdjurisicbt,oluxfordbt,message,"go away oluxfordbt?","2024-02-27 10:18:47"
427,visible,fsauntbu,lofallonebu,message,"sup lofallonebu?","2024-02-07 16:35:11"
428,visible,bcruisebv,mgammackbv,message,"what's up mgammackbv?","2024-01-13 12:58:18"
429,visible,srowlattbw,mnealybw,message,"let's meet up sometime mnealybw?","2024-02-15 16:02:22"
430,invisible,rburcombebx,public,story,"how about it gpettiforbx?","2024-01-16 22:23:49"
431,invisible,kbrotherhedby,public,story,"whatcha up to tpontingby?","2024-01-31 23:46:56"
432,invisible,tbuckokebz,lleatherlandbz,message,"I don’t want to see you lleatherlandbz?","2024-01-22 00:52:04"
433,invisible,alyddiattc0,public,story,"Hi bhillhousec0?","2024-01-19 15:06:10"
434,invisible,vlosebiec1,public,story,"let’s get pizza sometime wspriggenc1?","2024-01-05 19:02:37"
435,invisible,gwarrickc2,public,story,"Hi smacenzyc2?","2024-01-18 00:31:47"
436,invisible,cwhitleyc3,public,story,"how about it fdecrucec3?","2024-01-12 17:41:32"
437,invisible,rfreshwaterc4,public,story,"how ya doin csnarttc4?","2024-01-29 05:37:50"
438,visible,bdwyerc5,koldfieldcherryc5,message,"what's up koldfieldcherryc5?","2024-02-16 15:30:28"
439,visible,akitsonc6,gbilbeec6,message,"I don’t want to see you gbilbeec6?","2024-02-10 19:00:23"
440,invisible,afurleyc7,public,story,"come hang w me tfalcoc7?","2024-02-17 06:31:18"
441,visible,mhurlinc8,tcrutc8,message,"whatcha up to tcrutc8?","2024-01-18 10:28:41"
442,visible,sshildrakec9,sarnaudonc9,message,"come hang w me sarnaudonc9?","2024-01-12 23:11:15"
443,visible,gsummerlyca,gchaineyca,message,"how ya doin gchaineyca?","2024-01-24 19:30:49"
444,invisible,fstillingcb,vmatijaseviccb,message,"come hang w me vmatijaseviccb?","2024-02-21 20:00:08"
445,invisible,mberzonscc,public,story,"Nice database ycapineercc?","2024-02-15 02:54:12"
446,invisible,yguppiecd,public,story,"How are you doing gwhitrodcd?","2024-01-17 19:30:39"
447,invisible,sbullence,public,story,"come hang w me fjuszkiewiczce?","2024-02-13 07:54:30"
448,visible,bwheelancf,cmattussevichcf,message,"I would like to get to know you better cmattussevichcf?","2024-02-09 06:07:03"
449,visible,mfeldhuhncg,sgeallcg,message,"Nice database sgeallcg?","2024-01-28 01:46:48"
450,visible,aroddach,public,story,"Nice database kguicech?","2024-02-28 20:52:09"
451,visible,bglideci,lboatmanci,message,"How are you lboatmanci?","2024-02-13 07:15:22"
452,invisible,kstribblingcj,public,story,"let's meet up sometime cshakespearcj?","2024-01-04 23:40:34"
453,invisible,wbuxcyck,public,story,"come hang w me jcejkack?","2024-02-21 18:33:37"
454,invisible,cphantcl,public,story,"come hang w me randreonecl?","2024-01-22 03:09:47"
455,visible,llittlechildcm,ahuffycm,message,"whatcha up to ahuffycm?","2024-02-27 23:41:23"
456,invisible,cchapellcn,jbettanaycn,message,"sup jbettanaycn?","2024-02-15 19:24:48"
457,invisible,mbardillco,public,story,"what's up hryrieco?","2024-01-23 18:46:59"
458,visible,tgrigscp,droswarnecp,message,"I would like to get to know you better droswarnecp?","2024-01-06 00:14:50"
459,invisible,gflinncq,public,story,"Let’s meet up awrotchfordcq?","2024-01-16 19:37:36"
460,visible,ejohansencr,spagittcr,message,"come hang w me spagittcr?","2024-02-01 07:32:48"
461,invisible,aharburtsoncs,public,story,"Where are you fcoggellcs?","2024-01-02 07:56:38"
462,invisible,abalconct,public,story,"Where are you rkynseyct?","2024-01-31 08:07:27"
463,visible,jgianolocu,cstollsteimercu,message,"Hi cstollsteimercu?","2024-02-16 10:49:24"
464,visible,mmanescv,ekeachcv,message,"Let’s meet up ekeachcv?","2024-01-10 13:24:57"
465,invisible,aplitzcw,public,story,"how ya doin cjopsoncw?","2024-01-19 11:52:16"
466,invisible,tlangsdoncx,public,story,"How are you bbeechingcx?","2024-02-03 08:46:00"
467,invisible,llarbycy,public,story,"sup jadamovitzcy?","2024-02-20 11:41:07"
468,invisible,mboulstridgecz,dhiscoecz,message,"let’s get pizza sometime dhiscoecz?","2024-01-19 18:40:52"
469,invisible,bonowland0,public,story,"I don’t want to see you jstannisd0?","2024-01-23 06:07:21"
470,invisible,kmaundd1,public,story,"whatcha up to sgirardezd1?","2024-02-18 17:22:35"
471,visible,dlefevred2,nrangerd2,message,"Hi nrangerd2?","2024-02-02 02:03:44"
472,visible,cgiacomozzod3,mfaradyd3,message,"I don’t want to see you mfaradyd3?","2024-02-25 23:43:21"
473,visible,aedinborod4,rbelchamd4,message,"Hi rbelchamd4?","2024-02-22 12:16:22"
474,invisible,smcclaughlind5,public,story,"I would like to get to know you better dcondied5?","2024-02-16 12:46:01"
475,invisible,eocloneyd6,public,story,"Where are you mvockingsd6?","2024-02-23 08:20:02"
476,invisible,rpowelld7,public,story,"Hi rmccordd7?","2024-01-14 13:52:46"
477,visible,hbehrendsend8,fegginsond8,message,"how about it fegginsond8?","2024-02-02 11:21:38"
478,visible,apetrazzid9,twaplintond9,message,"go away twaplintond9?","2024-02-10 23:05:39"
479,invisible,mbrettonerda,public,story,"how ya doin rwarbrickda?","2024-01-14 03:16:46"
480,invisible,dinddb,fmcsporondb,message,"Hi fmcsporondb?","2024-01-02 15:21:41"
481,invisible,bbarrsdc,public,story,"Nice database pradcliffedc?","2024-01-27 03:11:08"
482,visible,bmitchensondd,ndesouzadd,message,"sup ndesouzadd?","2024-02-02 12:40:08"
483,visible,closekede,mghidettide,message,"Nice database mghidettide?","2024-01-08 14:52:46"
484,visible,fbaverstockdf,chueydf,message,"go away chueydf?","2024-01-30 22:32:06"
485,visible,hdarrachdg,wlonghornedg,message,"Hi wlonghornedg?","2024-02-24 13:44:55"
486,visible,ssteagalldh,memerinedh,message,"sup memerinedh?","2024-02-03 15:12:56"
487,visible,dgellertdi,smarkiedi,message,"how ya doin smarkiedi?","2024-01-03 11:02:37"
488,visible,cwhittadj,alarbydj,message,"whatcha up to alarbydj?","2024-02-22 06:46:43"
489,visible,egradleydk,lbushdk,message,"How are you lbushdk?","2024-02-06 22:12:13"
490,visible,bhowiesondl,gbroudl,message,"let’s get pizza sometime gbroudl?","2024-01-08 18:31:03"
491,visible,pmogenotdm,loakenfielddm,message,"Hey loakenfielddm?","2024-02-21 19:19:43"
492,invisible,hmccalisterdn,tgeraudeldn,message,"How are you doing tgeraudeldn?","2024-01-23 15:48:18"
493,visible,wdightondo,rgrewdo,message,"sup rgrewdo?","2024-02-11 11:53:15"
494,visible,calexanderdp,shitzkedp,message,"How are you doing shitzkedp?","2024-01-23 13:33:35"
495,visible,shalliwelldq,public,story,"sup kvarfolomeevdq?","2024-02-28 20:52:09"
496,invisible,jscurreydr,public,story,"I don’t want to see you ljerranddr?","2024-01-24 11:32:43"
497,invisible,cperllmands,public,story,"How are you bjouends?","2024-01-02 22:48:50"
498,invisible,adandt,public,story,"whatcha up to kpadmoredt?","2024-01-14 07:22:11"
499,visible,cphilpindu,agisbornedu,message,"Where are you agisbornedu?","2024-02-05 02:12:34"
500,visible,wlapsliedv,alimbertdv,message,"sup alimbertdv?","2024-01-09 02:21:44"
501,visible,mtuckiedw,jslewcockdw,message,"How are you jslewcockdw?","2024-01-18 00:38:22"
502,visible,dpittendreighdx,jzanettidx,message,"How are you jzanettidx?","2024-01-13 22:00:59"
503,visible,dosherrindy,ddraiseydy,message,"come hang w me ddraiseydy?","2024-01-17 16:56:05"
504,invisible,adillestondz,public,story,"I don’t want to see you gauklanddz?","2024-02-13 05:01:37"
505,visible,rhaslehurste0,daxlebye0,message,"Where are you daxlebye0?","2024-02-07 16:53:20"
506,invisible,loxladee1,public,story,"let’s get pizza sometime rbellefontee1?","2024-01-24 19:54:23"
507,invisible,pdinningtone2,public,story,"come hang w me ebestee2?","2024-02-02 00:25:51"
508,invisible,ewornere3,public,story,"Nice database jdumberelle3?","2024-02-16 18:32:31"
509,invisible,shatricke4,public,story,"I don’t want to see you dguerreroe4?","2024-02-18 17:17:58"
510,invisible,bfisbburnee5,public,story,"I would like to get to know you better bwielde5?","2024-01-24 21:49:18"
511,invisible,fbeavise6,public,story,"Hi jrelphe6?","2024-02-01 20:07:38"
512,visible,dbuntone7,ghardinge7,message,"let's meet up sometime ghardinge7?","2024-01-07 07:42:19"
513,invisible,dthone8,public,story,"Let’s meet up ikerfode8?","2024-02-20 12:41:24"
514,invisible,aphilippe9,public,story,"how about it nwannese9?","2024-01-18 20:16:32"
515,visible,mrosengrenea,sfearonea,message,"Hey sfearonea?","2024-02-12 11:54:32"
516,invisible,plindblomeb,public,story,"come hang w me dgypsoneb?","2024-01-04 05:00:13"
517,invisible,aselwyneec,public,story,"let’s get pizza sometime rhartupec?","2024-02-08 02:01:27"
518,invisible,gleestuted,public,story,"Hi vingermaned?","2024-01-28 11:46:59"
519,visible,jlunbechee,thabbemaee,message,"Where are you thabbemaee?","2024-02-07 15:09:22"
520,visible,wperingef,tgilleyef,message,"go away tgilleyef?","2024-02-02 10:31:15"
521,invisible,gtroddeneg,public,story,"how ya doin bwinsleyeg?","2024-02-27 14:01:58"
522,visible,pstoffeleh,tvennerseh,message,"let’s get pizza sometime tvennerseh?","2024-01-20 16:16:10"
523,visible,dgreenroaei,zclaeskensei,message,"How are you zclaeskensei?","2024-02-20 12:44:14"
524,invisible,sgooddieej,public,story,"Let’s meet up aquailej?","2024-01-17 15:45:26"
525,invisible,ljakoek,public,story,"How are you doing kbostonek?","2024-01-14 08:32:43"
526,invisible,dcogleyel,public,story,"How are you doing ftomalael?","2024-02-03 00:11:00"
527,visible,ahendriksem,fhiornem,message,"Hey fhiornem?","2024-02-17 12:42:13"
528,invisible,mskowcraften,cchristensenen,message,"come hang w me cchristensenen?","2024-01-04 20:16:10"
529,visible,jtrebilcockeo,celcomeo,message,"what's up celcomeo?","2024-02-03 06:42:15"
530,invisible,syaninep,public,story,"let’s get pizza sometime frissoep?","2024-02-24 03:19:48"
531,visible,emarkeleq,cdyerseq,message,"how ya doin cdyerseq?","2024-02-23 13:23:21"
532,visible,uchadbourner,zstranker,message,"come hang w me zstranker?","2024-01-25 02:06:10"
533,invisible,jdanettes,public,story,"what's up fmcgavines?","2024-02-07 21:21:01"
534,invisible,fcosteret,public,story,"what's up rcammoileet?","2024-01-30 19:45:12"
535,invisible,mkubyszekeu,public,story,"Where are you aingremeu?","2024-02-13 04:54:03"
536,invisible,gdummerev,public,story,"How are you dmagnerev?","2024-02-22 23:43:49"
537,invisible,rnewissew,public,story,"I don’t want to see you gmatusovskyew?","2024-01-31 11:46:59"
538,invisible,eyakubovicsex,public,story,"Where are you pdobrovolnyex?","2024-02-06 20:57:10"
539,invisible,jvasentsovey,public,story,"Where are you gmcgiffieey?","2024-02-13 03:50:17"
540,visible,squarrellez,public,story,"whatcha up to dreamsez?","2024-02-28 20:52:09"
541,invisible,jstrutleyf0,public,story,"Hi amachelf0?","2024-02-07 23:21:03"
542,invisible,kgovernf1,public,story,"Hi splankef1?","2024-02-04 10:24:03"
543,visible,pbatramf2,lstonardf2,message,"how about it lstonardf2?","2024-01-17 17:07:40"
544,visible,kiorif3,dizhakovf3,message,"How are you dizhakovf3?","2024-01-01 20:44:19"
545,invisible,medmeadf4,public,story,"how ya doin rswettf4?","2024-02-02 22:20:36"
546,invisible,ddemangeotf5,public,story,"Where are you fgerardeauxf5?","2024-02-01 20:35:45"
547,invisible,fryalf6,public,story,"come hang w me mkerwickf6?","2024-02-01 23:52:28"
548,visible,ayeudef7,nattreef7,message,"sup nattreef7?","2024-02-13 06:28:21"
549,invisible,mberardf8,public,story,"let's meet up sometime jhutfieldf8?","2024-01-17 04:12:21"
550,invisible,gbernardesf9,public,story,"what's up bledburyf9?","2024-01-25 14:40:40"
551,visible,rwallegefa,ilunneyfa,message,"what's up ilunneyfa?","2024-02-07 22:24:20"
552,invisible,tliasfb,prohlfsfb,message,"Where are you prohlfsfb?","2024-02-27 03:33:57"
553,visible,jbockfc,obenningerfc,message,"I would like to get to know you better obenningerfc?","2024-01-11 12:08:44"
554,invisible,jhainsfd,public,story,"go away rclendinningfd?","2024-02-03 04:28:09"
555,invisible,psmogurfe,public,story,"Where are you rfursefe?","2024-01-30 04:33:12"
556,visible,lgabbitasff,rwaskettff,message,"How are you rwaskettff?","2024-02-05 23:35:04"
557,visible,aalbuttfg,efenimorefg,message,"Hi efenimorefg?","2024-01-08 06:10:39"
558,visible,lwalklettfh,nsiemonsfh,message,"I don’t want to see you nsiemonsfh?","2024-02-07 04:21:24"
559,invisible,kmuskfi,public,story,"Where are you sgrayshonfi?","2024-01-09 00:11:43"
560,invisible,dgiacopazzifj,public,story,"go away lwoodardfj?","2024-01-25 21:44:07"
561,invisible,sarlidgefk,public,story,"come hang w me gdorefk?","2024-02-27 11:59:23"
562,visible,bdaveyfl,cwiskerfl,message,"come hang w me cwiskerfl?","2024-02-27 19:25:09"
563,visible,larnfieldfm,zsolefm,message,"Where are you zsolefm?","2024-01-05 15:14:22"
564,invisible,bmucklefn,mgoudefn,message,"what's up mgoudefn?","2024-02-27 14:38:13"
565,invisible,djobesfo,public,story,"Where are you vcasterotfo?","2024-02-13 21:57:12"
566,visible,rwagenenfp,scudbirdfp,message,"come hang w me scudbirdfp?","2024-01-14 15:06:46"
567,visible,dgiacomuzzifq,flearmouthfq,message,"let's meet up sometime flearmouthfq?","2024-02-06 15:48:27"
568,invisible,kcorbinfr,public,story,"come hang w me cblumirefr?","2024-02-17 17:58:32"
569,invisible,kjohannesfs,public,story,"whatcha up to emablestonefs?","2024-02-20 14:06:45"
570,visible,wmilierft,clyburnft,message,"let’s get pizza sometime clyburnft?","2024-02-04 01:58:05"
571,visible,bgillottfu,wewolsfu,message,"let’s get pizza sometime wewolsfu?","2024-01-16 00:53:17"
572,visible,ayoungsfv,gguyfv,message,"sup gguyfv?","2024-02-20 23:37:25"
573,invisible,nlarivefw,public,story,"Hi ldartfw?","2024-02-03 13:14:53"
574,visible,gsurridgefx,sbarnishfx,message,"Where are you sbarnishfx?","2024-01-25 10:08:08"
575,visible,dcabenafy,ameertfy,message,"how about it ameertfy?","2024-02-08 03:12:30"
576,invisible,kadaofz,sveldefz,message,"Let’s meet up sveldefz?","2024-02-16 18:37:30"
577,visible,wreithg0,bcampsg0,message,"I would like to get to know you better bcampsg0?","2024-01-28 03:42:41"
578,invisible,yevangelinosg1,public,story,"whatcha up to lrecordsg1?","2024-01-26 01:26:46"
579,invisible,ggrahlg2,public,story,"what's up eshadwickg2?","2024-02-05 15:53:00"
580,invisible,dflintiffg3,public,story,"I don’t want to see you rbirtsg3?","2024-02-26 00:36:04"
581,visible,cisaaksohng4,capplewhiteg4,message,"how about it capplewhiteg4?","2024-01-18 04:29:55"
582,visible,bdarkinsg5,awidocksg5,message,"I don’t want to see you awidocksg5?","2024-02-22 03:03:29"
583,invisible,shumphreyg6,public,story,"how about it phowg6?","2024-02-12 18:13:15"
584,invisible,cmaceyg7,public,story,"How are you mlyardg7?","2024-01-18 04:38:50"
585,visible,ccastanedag8,schisnellg8,message,"I don’t want to see you schisnellg8?","2024-02-28 20:52:09"
586,invisible,kcansdallg9,public,story,"how ya doin mpeeblesg9?","2024-01-21 01:35:00"
587,visible,hgarroldga,jbeadelga,message,"I don’t want to see you jbeadelga?","2024-01-12 04:11:03"
588,invisible,lsavinsgb,public,story,"come hang w me wleinwebergb?","2024-02-14 17:39:28"
589,invisible,lwilsheregc,public,story,"go away lannesleygc?","2024-01-19 03:51:23"
590,invisible,rpurbrickgd,public,story,"Nice database ncongrevegd?","2024-02-26 22:26:32"
591,invisible,sargonttge,public,story,"Hi kwreightge?","2024-01-21 02:22:21"
592,invisible,cpachmanngf,public,story,"Hey msuscensgf?","2024-02-06 11:41:24"
593,invisible,hmapledooregg,public,story,"what's up ibraddergg?","2024-01-03 14:48:13"
594,visible,gyulegh,ojossgh,message,"let's meet up sometime ojossgh?","2024-02-25 00:48:03"
595,visible,thamshawgi,jspiviegi,message,"how about it jspiviegi?","2024-01-10 03:07:23"
596,visible,jayresgj,jmorrillygj,message,"what's up jmorrillygj?","2024-02-10 22:39:23"
597,visible,jbouslergk,morrissgk,message,"Hi morrissgk?","2024-01-13 20:00:14"
598,invisible,blarmorgl,public,story,"how about it jarmitgl?","2024-02-11 07:30:55"
599,visible,ltokellgm,bscoldinggm,message,"what's up bscoldinggm?","2024-02-23 22:36:52"
600,invisible,umetcalfegn,public,story,"go away aouslemgn?","2024-01-09 06:20:24"
601,invisible,gdyballgo,public,story,"Nice database mcaswellgo?","2024-02-16 02:06:27"
602,visible,bmeakingp,tleppingwellgp,message,"How are you tleppingwellgp?","2024-02-08 08:16:32"
603,invisible,dgostickgq,public,story,"How are you doing awengergq?","2024-01-07 05:42:17"
604,invisible,rmuzzinigr,public,story,"sup mmounseygr?","2024-02-10 15:42:05"
605,visible,bfarlambegs,ncrottygs,message,"How are you ncrottygs?","2024-02-07 07:51:34"
606,invisible,syorstongt,public,story,"I would like to get to know you better wcraykergt?","2024-02-18 13:44:57"
607,invisible,zmaxworthygu,public,story,"what's up jscarasbrickgu?","2024-02-04 12:28:27"
608,visible,ibradfordgv,kcultergv,message,"go away kcultergv?","2024-01-04 02:02:48"
609,visible,dyvengw,ehearndengw,message,"How are you doing ehearndengw?","2024-01-09 05:45:58"
610,invisible,ebutterlygx,public,story,"Let’s meet up roheagertiegx?","2024-01-17 14:52:08"
611,visible,bsirrellgy,jhodginsgy,message,"How are you doing jhodginsgy?","2024-01-23 15:27:10"
612,invisible,eimmergz,hminallgz,message,"Let’s meet up hminallgz?","2024-01-26 17:22:40"
613,visible,kbauerh0,kchavezh0,message,"whatcha up to kchavezh0?","2024-01-23 06:40:50"
614,invisible,agiorgiuttih1,public,story,"whatcha up to bcicceraleh1?","2024-01-17 13:35:06"
615,visible,sduffetth2,jwoodroughh2,message,"I would like to get to know you better jwoodroughh2?","2024-02-25 09:05:21"
616,visible,mflecknoh3,ledwickh3,message,"whatcha up to ledwickh3?","2024-01-26 15:48:09"
617,visible,seuplateh4,snutbeamh4,message,"Let’s meet up snutbeamh4?","2024-01-04 05:58:30"
618,visible,bcrallanh5,gbenmoreh5,message,"let's meet up sometime gbenmoreh5?","2024-02-03 08:42:23"
619,visible,ddobingh6,pmccahillh6,message,"Hey pmccahillh6?","2024-01-09 17:20:57"
620,visible,hnindh7,lcarltonh7,message,"I would like to get to know you better lcarltonh7?","2024-02-02 13:35:45"
621,visible,slongriggh8,fgillmanh8,message,"Let’s meet up fgillmanh8?","2024-02-06 00:08:00"
622,visible,mjoiceyh9,rweatherbyh9,message,"let’s get pizza sometime rweatherbyh9?","2024-01-27 23:30:03"
623,invisible,tbourdelha,public,story,"I would like to get to know you better mwinslowha?","2024-02-03 06:34:53"
624,invisible,sblibenhb,rrandersonhb,message,"Let’s meet up rrandersonhb?","2024-02-18 15:54:14"
625,visible,hcinohc,gfarleyhc,message,"sup gfarleyhc?","2024-01-31 06:08:45"
626,visible,cdeancywillishd,bmeneuxhd,message,"Where are you bmeneuxhd?","2024-01-18 03:54:05"
627,invisible,ajeffelshe,public,story,"how ya doin prossanderhe?","2024-02-02 21:38:27"
628,invisible,rcreamhf,public,story,"Where are you dpensonhf?","2024-02-26 23:45:04"
629,visible,eduerhg,apeironehg,message,"Hey apeironehg?","2024-01-14 09:40:10"
630,visible,vphipardshearshh,mgoodbournhh,message,"what's up mgoodbournhh?","2024-02-28 20:52:09"
631,visible,rhowroydhi,dgalehi,message,"let's meet up sometime dgalehi?","2024-02-27 16:32:36"
632,visible,ctevelovhj,pleadbitterhj,message,"how ya doin pleadbitterhj?","2024-01-22 01:52:54"
633,visible,edunstonhk,knutthk,message,"let’s get pizza sometime knutthk?","2024-02-20 06:53:15"
634,invisible,pmossomhl,public,story,"how ya doin ngeorgeouhl?","2024-01-16 21:28:11"
635,invisible,tmaymandhm,public,story,"how ya doin dstreethm?","2024-02-14 23:04:52"
636,invisible,cdoolehn,public,story,"how ya doin dkeesehn?","2024-01-20 10:15:25"
637,invisible,gpedriho,public,story,"I don’t want to see you cslevinho?","2024-01-26 13:07:50"
638,visible,mrancehp,shrushp,message,"I don’t want to see you shrushp?","2024-01-16 21:18:01"
639,visible,bedlynehq,avaughtenhq,message,"come hang w me avaughtenhq?","2024-02-24 00:59:59"
640,invisible,dhickinbottomhr,public,story,"Hi akemethr?","2024-02-05 02:36:52"
641,visible,qdenisohs,bloweryhs,message,"what's up bloweryhs?","2024-01-15 17:16:19"
642,visible,bdonnellyht,pstealfoxht,message,"let’s get pizza sometime pstealfoxht?","2024-02-06 00:24:41"
643,visible,mmackimhu,kmckeemanhu,message,"what's up kmckeemanhu?","2024-02-08 17:54:06"
644,invisible,efinanhv,public,story,"go away pjeffryeshv?","2024-01-28 06:15:44"
645,visible,adalleyhw,bantwishw,message,"How are you doing bantwishw?","2024-02-21 21:30:16"
646,visible,ewenzelhx,mroswarnhx,message,"Let’s meet up mroswarnhx?","2024-02-09 00:35:00"
647,invisible,gpharehy,public,story,"I don’t want to see you taggushy?","2024-02-15 23:31:21"
648,invisible,nesliehz,public,story,"whatcha up to flenevehz?","2024-02-16 02:50:14"
649,invisible,glonergani0,public,story,"I would like to get to know you better fcleynmani0?","2024-01-13 06:22:32"
650,visible,estammeri1,ptummonsi1,message,"I don’t want to see you ptummonsi1?","2024-02-21 06:27:58"
651,visible,asandsallani2,elefeaveri2,message,"Where are you elefeaveri2?","2024-02-14 05:40:37"
652,invisible,syaldeni3,public,story,"let's meet up sometime hbrilli3?","2024-01-10 14:54:28"
653,invisible,tculweni4,public,story,"let's meet up sometime lwoolvini4?","2024-02-05 19:32:44"
654,visible,ldeathi5,rendecotti5,message,"I don’t want to see you rendecotti5?","2024-01-07 18:25:58"
655,invisible,gjoslingi6,public,story,"how about it kthorlbyi6?","2024-01-05 05:00:31"
656,invisible,jraggitti7,public,story,"what's up gdonovani7?","2024-01-23 16:06:57"
657,invisible,nklussi8,public,story,"Let’s meet up dklusi8?","2024-02-05 17:29:44"
658,visible,skeldi9,mlookeri9,message,"whatcha up to mlookeri9?","2024-01-28 19:40:11"
659,visible,bkainia,bjellingsia,message,"Let’s meet up bjellingsia?","2024-01-01 02:17:10"
660,invisible,malleryib,public,story,"come hang w me lmilnesib?","2024-02-25 08:47:24"
661,visible,ldumingosic,steeneyic,message,"Nice database steeneyic?","2024-02-26 22:53:48"
662,visible,amccarneyid,derskineid,message,"let's meet up sometime derskineid?","2024-02-10 07:47:21"
663,visible,umaffucciie,hblakestonie,message,"let’s get pizza sometime hblakestonie?","2024-02-10 20:45:33"
664,invisible,jfrederickif,public,story,"How are you foshieldsif?","2024-01-30 15:38:16"
665,visible,esislandig,arissomig,message,"go away arissomig?","2024-01-22 18:44:20"
666,visible,slorrymanih,ajaineih,message,"let’s get pizza sometime ajaineih?","2024-02-17 03:02:56"
667,invisible,fwashtellii,public,story,"How are you dsebleyii?","2024-01-09 11:22:44"
668,visible,wduckfieldij,ahankeyij,message,"sup ahankeyij?","2024-02-14 01:01:26"
669,invisible,awoollinik,public,story,"sup miacovidesik?","2024-02-02 04:58:29"
670,invisible,jmacneachtainil,public,story,"whatcha up to sgookesil?","2024-01-02 00:32:33"
671,visible,scarleim,mtebbitim,message,"Hey mtebbitim?","2024-02-05 18:40:51"
672,invisible,cbourin,mmaggillandreisin,message,"Hi mmaggillandreisin?","2024-01-15 09:05:54"
673,invisible,fquiggio,public,story,"I would like to get to know you better joscolleeio?","2024-01-26 02:31:49"
674,invisible,rgreggorip,public,story,"go away dsandifordip?","2024-01-29 14:37:01"
675,visible,ytoothilliq,echilderhouseiq,message,"how about it echilderhouseiq?","2024-02-28 20:52:09"
676,invisible,plongriggir,public,story,"come hang w me ckarlqvistir?","2024-02-21 04:52:28"
677,visible,cfellosis,tleggingis,message,"Hey tleggingis?","2024-01-24 10:08:32"
678,visible,hfabbriit,tscrowbyit,message,"let’s get pizza sometime tscrowbyit?","2024-01-05 08:30:34"
679,visible,ssnaithiu,ehowieiu,message,"what's up ehowieiu?","2024-01-14 17:14:01"
680,visible,jkolyaginiv,apigfordiv,message,"Where are you apigfordiv?","2024-01-14 08:05:48"
681,invisible,jassadiw,public,story,"let's meet up sometime fvyeiw?","2024-01-29 03:56:17"
682,visible,gdeernessix,jismailix,message,"sup jismailix?","2024-01-16 05:17:01"
683,visible,jspurriariy,fstoppardiy,message,"how about it fstoppardiy?","2024-02-13 07:29:31"
684,invisible,santonelliiz,public,story,"what's up bleprovestiz?","2024-02-06 14:45:14"
685,invisible,ddalesioj0,public,story,"come hang w me cbennj0?","2024-01-25 08:42:06"
686,visible,pgeorgerj1,cpelzj1,message,"come hang w me cpelzj1?","2024-01-28 22:13:01"
687,visible,eruberyj2,chanwayj2,message,"Let’s meet up chanwayj2?","2024-01-24 22:39:31"
688,visible,mcornj3,oclaydenj3,message,"How are you oclaydenj3?","2024-01-25 23:55:32"
689,invisible,aholywellj4,public,story,"How are you vlissimorej4?","2024-02-03 10:33:42"
690,invisible,battreedj5,public,story,"How are you doing wclemptonj5?","2024-02-20 16:07:31"
691,invisible,kglentzj6,public,story,"how ya doin tbowdlerj6?","2024-01-22 06:40:54"
692,visible,idagnallj7,gherleyj7,message,"let’s get pizza sometime gherleyj7?","2024-02-03 07:33:59"
693,invisible,kpietrasikj8,public,story,"how ya doin astennersj8?","2024-02-02 02:28:47"
694,visible,tgilderoyj9,rstiegerj9,message,"go away rstiegerj9?","2024-01-16 06:20:17"
695,invisible,krouffja,public,story,"I don’t want to see you esweetmanja?","2024-01-30 08:36:16"
696,invisible,fchessumjb,dmixonjb,message,"whatcha up to dmixonjb?","2024-01-20 10:00:03"
697,visible,dsichajc,jmcbridejc,message,"what's up jmcbridejc?","2024-02-20 22:28:46"
698,visible,aingonjd,scellierjd,message,"How are you scellierjd?","2024-02-24 22:36:48"
699,visible,ebecksje,dearlesje,message,"let’s get pizza sometime dearlesje?","2024-02-24 08:36:43"
700,invisible,cfarrahjf,public,story,"how ya doin mmoizerjf?","2024-01-06 13:05:39"
701,visible,vhischkejg,mbunnjg,message,"I would like to get to know you better mbunnjg?","2024-02-21 02:57:13"
702,invisible,sesslementjh,public,story,"I don’t want to see you jwhitesonjh?","2024-01-12 08:41:02"
703,visible,llocksji,wmcclementsji,message,"how ya doin wmcclementsji?","2024-02-12 12:11:05"
704,visible,osodojj,asimonetonjj,message,"Where are you asimonetonjj?","2024-01-08 08:00:47"
705,invisible,asinncockjk,public,story,"How are you doing lshapterjk?","2024-02-08 05:52:52"
706,visible,sclausjl,preddochjl,message,"Where are you preddochjl?","2024-02-23 19:14:28"
707,visible,gtriggeljm,mfearnehoughjm,message,"sup mfearnehoughjm?","2024-01-28 15:38:48"
708,invisible,amcgiffjn,public,story,"go away mhuberyjn?","2024-02-21 22:36:03"
709,invisible,xwawerjo,public,story,"come hang w me jwarlockjo?","2024-01-13 00:27:46"
710,visible,tmarienjp,mgummejp,message,"how about it mgummejp?","2024-02-10 17:52:36"
711,invisible,spannettjq,public,story,"go away celacoatejq?","2024-01-12 16:08:59"
712,visible,aparnhamjr,cgiffenjr,message,"I don’t want to see you cgiffenjr?","2024-02-11 08:38:04"
713,visible,jkitherjs,mdimanchejs,message,"how about it mdimanchejs?","2024-02-04 18:54:52"
714,visible,hdruryjt,bbavridgejt,message,"how ya doin bbavridgejt?","2024-02-16 06:14:49"
715,visible,agarriqueju,jtinniswoodju,message,"I don’t want to see you jtinniswoodju?","2024-01-26 21:44:13"
716,invisible,rharrisjv,public,story,"what's up qkobjv?","2024-02-09 21:45:59"
717,visible,mbalderyjw,kstephensjw,message,"I would like to get to know you better kstephensjw?","2024-02-23 06:58:12"
718,visible,wbeynknjx,mshevlanejx,message,"I would like to get to know you better mshevlanejx?","2024-02-08 05:08:31"
719,visible,ykyrkemanjy,amccarryjy,message,"Hey amccarryjy?","2024-01-11 19:58:04"
720,invisible,atriggjz,fmcfadinjz,message,"sup fmcfadinjz?","2024-02-28 20:52:09"
721,visible,ktallquistk0,elivensk0,message,"go away elivensk0?","2024-02-19 08:48:16"
722,visible,mrubinsaftk1,tdeathridgek1,message,"whatcha up to tdeathridgek1?","2024-02-25 16:40:47"
723,invisible,bmckevanyk2,public,story,"let's meet up sometime kscotchmork2?","2024-02-01 19:54:38"
724,invisible,eginglesk3,public,story,"how about it edandok3?","2024-01-22 08:14:13"
725,invisible,mgarrk4,public,story,"go away dgambellk4?","2024-01-27 14:36:38"
726,invisible,mcostark5,public,story,"what's up banneark5?","2024-01-21 07:53:58"
727,visible,leskriggk6,hspaltonk6,message,"go away hspaltonk6?","2024-01-09 15:01:56"
728,invisible,cmoohank7,public,story,"whatcha up to ebrodeurk7?","2024-01-18 18:10:23"
729,visible,aarnelyk8,uleonardsk8,message,"what's up uleonardsk8?","2024-02-23 12:22:18"
730,invisible,fmiddlehurstk9,public,story,"I don’t want to see you bsideryk9?","2024-02-07 09:05:50"
731,invisible,shollingbyka,public,story,"Nice database pspurdenska?","2024-01-04 19:05:28"
732,invisible,vtoekb,jbarrattkb,message,"Hi jbarrattkb?","2024-01-20 01:42:10"
733,invisible,gblisskc,public,story,"How are you tmowattkc?","2024-02-09 07:35:46"
734,invisible,sfullekd,public,story,"how ya doin mbaitsonkd?","2024-01-09 05:22:43"
735,invisible,gheasleyke,public,story,"let’s get pizza sometime rrackke?","2024-01-25 19:08:45"
736,invisible,mfindonkf,public,story,"How are you doing mshererkf?","2024-02-03 03:11:58"
737,visible,sinnocentikg,apeirokg,message,"let's meet up sometime apeirokg?","2024-01-06 02:23:49"
738,invisible,mseabonkh,public,story,"Hey kplaitkh?","2024-01-31 22:49:59"
739,visible,pjekyllki,rmcgarrahanki,message,"How are you doing rmcgarrahanki?","2024-02-23 19:42:57"
740,visible,bbeasleykj,dlawdaykj,message,"go away dlawdaykj?","2024-01-27 07:02:04"
741,invisible,sdiglekk,public,story,"whatcha up to ghazartkk?","2024-01-16 19:31:53"
742,invisible,tokerinkl,public,story,"Where are you ypillanskl?","2024-02-20 08:50:21"
743,invisible,mduckerinkm,public,story,"Hey ntheobaldkm?","2024-01-22 09:49:54"
744,invisible,psnelgrovekn,public,story,"how about it lcradykn?","2024-01-07 02:44:09"
745,invisible,amatijasevicko,public,story,"I don’t want to see you fcullingtonko?","2024-02-14 17:49:12"
746,invisible,jhookskp,public,story,"I would like to get to know you better gmollittkp?","2024-01-09 02:10:00"
747,invisible,cburgumkq,public,story,"Let’s meet up kolcotkq?","2024-01-28 01:07:25"
748,invisible,ldohrkr,public,story,"how about it pstertekr?","2024-02-22 18:05:29"
749,invisible,lavrahamoffks,public,story,"Hey bgriegks?","2024-01-14 22:33:19"
750,visible,rvouleskt,zjohanssenkt,message,"sup zjohanssenkt?","2024-02-05 15:44:54"
751,invisible,glidierthku,public,story,"sup msunterku?","2024-02-12 18:16:11"
752,visible,fcandiekv,vanglishkv,message,"whatcha up to vanglishkv?","2024-02-10 06:32:45"
753,invisible,jtollitkw,public,story,"let's meet up sometime jshureykw?","2024-02-02 18:16:21"
754,invisible,thileykx,public,story,"how about it jgotfreykx?","2024-02-27 22:16:59"
755,visible,dkeartonky,mbanckky,message,"Hi mbanckky?","2024-01-20 16:19:41"
756,invisible,dmcfadyenkz,kmccoidkz,message,"what's up kmccoidkz?","2024-02-26 04:38:41"
757,invisible,amacgraghl0,public,story,"let's meet up sometime cguswelll0?","2024-02-17 13:42:32"
758,invisible,ehirtzmannl1,public,story,"let’s get pizza sometime pvynehalll1?","2024-02-06 15:09:00"
759,invisible,hcatlettel2,public,story,"Where are you psifleetl2?","2024-02-08 10:02:02"
760,invisible,rpaddemorel3,public,story,"whatcha up to fpownalll3?","2024-01-18 02:20:06"
761,invisible,chawneyl4,public,story,"let’s get pizza sometime cdanel4?","2024-01-31 10:49:21"
762,invisible,henricol5,public,story,"I don’t want to see you bkibbeyl5?","2024-01-27 18:05:31"
763,invisible,vfrisdickl6,public,story,"how about it ltiernyl6?","2024-01-09 22:39:56"
764,invisible,vmcdilll7,public,story,"how about it yelhaml7?","2024-01-21 01:13:38"
765,visible,rcotsfordl8,lgurlingl8,message,"come hang w me lgurlingl8?","2024-02-28 20:52:09"
766,invisible,flambertil9,public,story,"How are you lianizzil9?","2024-01-11 17:55:43"
767,visible,tmccaughranla,zgammetla,message,"Where are you zgammetla?","2024-01-15 12:39:23"
768,invisible,abrissendenlb,public,story,"come hang w me sbeekelb?","2024-01-07 03:47:20"
769,visible,kcouronnelc,cnewshamlc,message,"let's meet up sometime cnewshamlc?","2024-02-17 02:35:33"
770,visible,msentanceld,rrevelleld,message,"Where are you rrevelleld?","2024-01-21 13:24:45"
771,visible,smalonele,akoomarle,message,"Let’s meet up akoomarle?","2024-02-11 03:28:52"
772,invisible,pbalcocklf,public,story,"How are you lbernardinolf?","2024-01-26 16:42:48"
773,invisible,gpopeleylg,public,story,"go away dcliffordlg?","2024-02-25 10:31:22"
774,invisible,etorrentlh,public,story,"Hi lferrolh?","2024-02-17 19:32:39"
775,visible,mclacli,rbenjafieldli,message,"Nice database rbenjafieldli?","2024-02-23 10:25:19"
776,visible,gswiftlj,mdarrowlj,message,"go away mdarrowlj?","2024-02-02 19:47:37"
777,invisible,dgladinglk,public,story,"what's up ltalmadgelk?","2024-01-25 18:17:35"
778,invisible,mklimkinll,public,story,"let's meet up sometime cnisbyll?","2024-01-15 07:54:47"
779,invisible,ohuettlm,public,story,"let’s get pizza sometime dsteutlylm?","2024-02-25 13:04:05"
780,invisible,fwasbroughln,lsandaverln,message,"I would like to get to know you better lsandaverln?","2024-01-08 12:54:07"
781,invisible,bmcamishlo,public,story,"Hi sviegaslo?","2024-01-15 07:43:30"
782,visible,ddunnlp,saronowiczlp,message,"whatcha up to saronowiczlp?","2024-01-19 05:42:12"
783,invisible,jlivseylq,public,story,"Hi jsherwynlq?","2024-02-19 01:48:11"
784,invisible,wlegatlr,public,story,"Where are you lweinslr?","2024-01-02 00:07:34"
785,invisible,ajanecekls,public,story,"let’s get pizza sometime dlochranls?","2024-02-18 20:52:40"
786,visible,jcufleylt,lferonetlt,message,"Nice database lferonetlt?","2024-02-21 18:43:14"
787,visible,kreillylu,bhandscomblu,message,"How are you doing bhandscomblu?","2024-02-13 06:21:47"
788,invisible,dhibbartlv,public,story,"I would like to get to know you better jtoylv?","2024-01-12 15:17:49"
789,visible,spatientlw,nhellikerlw,message,"Where are you nhellikerlw?","2024-01-06 04:43:45"
790,visible,mkarlolaklx,jbinleylx,message,"Hi jbinleylx?","2024-01-21 14:28:30"
791,invisible,npieterickly,public,story,"let's meet up sometime wjagielskily?","2024-01-04 23:14:59"
792,invisible,gfrankelz,public,story,"How are you doing ggoodbylz?","2024-01-16 00:47:58"
793,visible,jpittetm0,sdegoeym0,message,"Where are you sdegoeym0?","2024-01-24 07:14:37"
794,invisible,apinelm1,public,story,"what's up kchealm1?","2024-02-05 15:33:49"
795,visible,jdownsem2,ihaylem2,message,"let's meet up sometime ihaylem2?","2024-02-07 16:52:57"
796,visible,dgentirym3,odabbsm3,message,"I don’t want to see you odabbsm3?","2024-01-22 10:16:39"
797,visible,hbizleym4,schipchasem4,message,"let’s get pizza sometime schipchasem4?","2024-01-08 23:37:57"
798,invisible,smasserm5,public,story,"how ya doin cfilderym5?","2024-02-03 20:51:41"
799,visible,mbentamem6,sdowningm6,message,"Let’s meet up sdowningm6?","2024-01-14 17:07:42"
800,visible,egaishsonm7,fdonaldsonm7,message,"I would like to get to know you better fdonaldsonm7?","2024-01-06 13:29:41"
801,visible,ceytelm8,tterransm8,message,"Nice database tterransm8?","2024-01-06 13:09:51"
802,invisible,msnodingm9,public,story,"how ya doin rferronierm9?","2024-02-03 04:25:27"
803,invisible,bpagelsenma,public,story,"Nice database nczajkowskima?","2024-01-15 22:50:05"
804,invisible,gspinasmb,ndivisekmb,message,"Where are you ndivisekmb?","2024-01-04 02:56:17"
805,invisible,jfreegardmc,public,story,"let's meet up sometime kconnewmc?","2024-02-08 01:46:46"
806,invisible,cantczakmd,public,story,"Where are you gwoloschinmd?","2024-01-21 17:48:10"
807,visible,belrickme,gcapnorme,message,"let’s get pizza sometime gcapnorme?","2024-01-12 08:48:09"
808,invisible,jstrathernmf,public,story,"go away risherwoodmf?","2024-02-07 19:08:08"
809,invisible,oalbasinymg,public,story,"I would like to get to know you better btetfordmg?","2024-01-06 09:56:25"
810,visible,bstyantmh,public,story,"let’s get pizza sometime ilebermh?","2024-02-28 20:52:09"
811,invisible,mmcterlaghmi,public,story,"Nice database bbuddingtonmi?","2024-01-03 06:21:50"
812,visible,gedardsmj,yonealmj,message,"whatcha up to yonealmj?","2024-02-12 00:05:04"
813,visible,bcamerellomk,rcoghlanmk,message,"Hey rcoghlanmk?","2024-01-27 17:39:25"
814,visible,gmcgennml,ffoltinml,message,"let’s get pizza sometime ffoltinml?","2024-01-01 07:31:58"
815,invisible,mdulingmm,public,story,"Where are you apiechamm?","2024-02-05 19:02:26"
816,invisible,jbassettmn,public,story,"what's up rhulmesmn?","2024-01-19 15:19:20"
817,visible,acurrommo,ztheobaldmo,message,"Where are you ztheobaldmo?","2024-02-26 18:20:12"
818,visible,dganniclifftmp,dreecemp,message,"How are you doing dreecemp?","2024-01-12 21:25:43"
819,visible,lsprullsmq,mslocumbmq,message,"I would like to get to know you better mslocumbmq?","2024-01-10 14:27:08"
820,invisible,ldankersleymr,public,story,"come hang w me pskaymanmr?","2024-01-14 12:40:08"
821,invisible,amiskimmonms,public,story,"Let’s meet up etourlems?","2024-02-03 16:02:02"
822,visible,bpittolimt,ktolertonmt,message,"let’s get pizza sometime ktolertonmt?","2024-01-14 06:39:14"
823,invisible,fdotterillmu,public,story,"come hang w me dbillingsleymu?","2024-01-04 01:11:58"
824,invisible,ggarbettmv,public,story,"How are you doing zblackboromv?","2024-01-08 13:56:43"
825,visible,apayntonmw,amerrileesmw,message,"go away amerrileesmw?","2024-02-10 11:10:16"
826,visible,bclandillonmx,mstuddalmx,message,"How are you doing mstuddalmx?","2024-01-08 17:50:37"
827,visible,ghallettmy,kcushellymy,message,"Let’s meet up kcushellymy?","2024-02-05 21:57:42"
828,invisible,rsegotmz,amcnamaramz,message,"go away amcnamaramz?","2024-01-01 21:50:09"
829,invisible,rrihan0,public,story,"let's meet up sometime rhindgen0?","2024-01-19 00:57:22"
830,invisible,ksobeyn1,public,story,"How are you abideweln1?","2024-02-21 14:27:56"
831,visible,klaydeln2,tianillin2,message,"go away tianillin2?","2024-01-02 06:19:58"
832,invisible,jcowlingn3,public,story,"let's meet up sometime ogerrensn3?","2024-02-23 02:19:22"
833,invisible,fdimelown4,public,story,"what's up jcuddehyn4?","2024-01-21 12:48:07"
834,invisible,swillsonn5,public,story,"let's meet up sometime dkeaven5?","2024-01-07 16:51:46"
835,invisible,cliteln6,public,story,"what's up csparwayn6?","2024-02-11 16:48:44"
836,invisible,gmccrackemn7,public,story,"I would like to get to know you better dmacksteadn7?","2024-02-06 21:03:35"
837,visible,ithomtonn8,ngierardin8,message,"Hi ngierardin8?","2024-01-29 16:34:54"
838,visible,mmanthorpen9,spigginsn9,message,"I would like to get to know you better spigginsn9?","2024-01-27 06:18:11"
839,visible,lshakeladena,amealiffena,message,"how about it amealiffena?","2024-01-10 07:55:42"
840,invisible,kbowienb,public,story,"let’s get pizza sometime lmakivernb?","2024-02-11 20:16:19"
841,invisible,rcroosenc,public,story,"How are you aditternc?","2024-02-26 03:45:59"
842,visible,mcescottind,mdermottnd,message,"let's meet up sometime mdermottnd?","2024-02-17 01:39:36"
843,visible,jgrattenne,tarnowiczne,message,"how about it tarnowiczne?","2024-01-28 01:35:02"
844,invisible,zjiraseknf,public,story,"Where are you halbrookenf?","2024-01-16 09:40:32"
845,visible,bdorkingng,amorlandng,message,"How are you amorlandng?","2024-01-04 17:15:21"
846,visible,wwelberrynh,rlegonnh,message,"come hang w me rlegonnh?","2024-01-27 09:01:54"
847,visible,rmoreni,cwillishireni,message,"let’s get pizza sometime cwillishireni?","2024-01-10 13:41:03"
848,visible,amccanenj,gdavionnj,message,"I would like to get to know you better gdavionnj?","2024-02-14 14:58:37"
849,visible,skilmisternk,kfrogleynk,message,"let's meet up sometime kfrogleynk?","2024-01-11 07:02:11"
850,visible,kdumbrecknl,spoolnl,message,"Hey spoolnl?","2024-02-24 01:03:10"
851,invisible,korgeenm,public,story,"go away mkehrinm?","2024-02-07 08:18:06"
852,invisible,jbuyenn,nmoncasternn,message,"Hi nmoncasternn?","2024-02-02 20:15:51"
853,invisible,dcreavinno,public,story,"whatcha up to neddollsno?","2024-01-04 14:04:09"
854,invisible,rheckneynp,public,story,"I don’t want to see you jwilshirenp?","2024-02-04 19:56:05"
855,visible,dirdalenq,rgreatorexnq,message,"Where are you rgreatorexnq?","2024-02-28 20:52:09"
856,visible,rtynenr,obroschkenr,message,"how ya doin obroschkenr?","2024-01-22 01:30:17"
857,invisible,fpresmanns,public,story,"Let’s meet up dwhathamns?","2024-02-19 20:29:30"
858,invisible,gdowningnt,public,story,"How are you doing tcottomnt?","2024-02-19 03:03:37"
859,visible,cpatinkinnu,kfortynu,message,"sup kfortynu?","2024-01-28 12:52:30"
860,visible,mcamerellonv,ppozernv,message,"sup ppozernv?","2024-01-30 23:04:56"
861,invisible,arochewellnw,public,story,"how ya doin qvanichkovnw?","2024-01-15 22:00:54"
862,invisible,lnelthropnx,public,story,"how ya doin cmannienx?","2024-01-05 01:28:56"
863,invisible,qeastbrookny,public,story,"Hi mpaulitschkeny?","2024-01-29 02:29:39"
864,invisible,ttapsellnz,ihildrednz,message,"Hey ihildrednz?","2024-02-24 22:38:14"
865,visible,dofarrello0,dsigmundo0,message,"whatcha up to dsigmundo0?","2024-02-15 00:10:30"
866,invisible,ddequinceyo1,public,story,"what's up ccaslakeo1?","2024-02-02 20:16:31"
867,visible,adanieloto2,gwindruso2,message,"Where are you gwindruso2?","2024-02-11 05:53:51"
868,invisible,rupexo3,public,story,"let’s get pizza sometime edunkleyo3?","2024-01-28 22:56:24"
869,visible,dknighto4,jbratchero4,message,"let's meet up sometime jbratchero4?","2024-01-16 15:12:09"
870,invisible,acheavino5,public,story,"I don’t want to see you ngoalbyo5?","2024-02-13 13:35:53"
871,invisible,lkestiano6,public,story,"Where are you kvamplerso6?","2024-01-29 02:33:37"
872,invisible,gfurnisso7,public,story,"Hi mspeddino7?","2024-02-15 04:45:40"
873,invisible,oprantlo8,public,story,"how ya doin swillarso8?","2024-02-25 05:47:19"
874,visible,mdellcasao9,vguddo9,message,"I would like to get to know you better vguddo9?","2024-01-09 17:48:24"
875,invisible,ethongeroa,public,story,"I would like to get to know you better pbendsonoa?","2024-01-05 18:43:56"
876,invisible,bdundonob,public,story,"How are you doing kblackburnob?","2024-02-19 16:43:34"
877,invisible,ktibbettsoc,public,story,"I don’t want to see you ogrimsdikeoc?","2024-01-18 15:13:23"
878,invisible,mantrumod,public,story,"I would like to get to know you better nwestmerlandod?","2024-02-24 18:16:50"
879,invisible,vcourtliffoe,public,story,"Let’s meet up akuhnkeoe?","2024-01-17 02:58:49"
880,invisible,mparksof,public,story,"come hang w me rbiasiniof?","2024-01-17 13:09:07"
881,invisible,rkeelanog,public,story,"go away ftomasiog?","2024-02-12 17:36:03"
882,visible,gmillandoh,spywelloh,message,"let's meet up sometime spywelloh?","2024-01-10 23:32:46"
883,visible,groisoi,rplumsteadoi,message,"let’s get pizza sometime rplumsteadoi?","2024-01-06 12:36:04"
884,invisible,lshelmerdineoj,public,story,"Nice database cboolsenoj?","2024-01-25 10:56:48"
885,invisible,cwilberok,public,story,"let's meet up sometime atullok?","2024-01-18 17:55:33"
886,visible,dfairhamol,bnottleol,message,"I would like to get to know you better bnottleol?","2024-01-16 05:58:10"
887,invisible,dbaseyom,public,story,"how ya doin cbombom?","2024-02-10 14:23:01"
888,invisible,lclisson,nmcreynoldon,message,"Let’s meet up nmcreynoldon?","2024-01-19 03:27:26"
889,invisible,bnorcliffeoo,public,story,"let’s get pizza sometime ulitchmoreoo?","2024-02-21 19:45:01"
890,visible,tdiclaudioop,ggauchop,message,"Hey ggauchop?","2024-01-01 11:34:40"
891,visible,hwaszczykoq,jmickaoq,message,"how ya doin jmickaoq?","2024-02-27 23:25:55"
892,visible,mcordelor,odosdaleor,message,"Where are you odosdaleor?","2024-01-08 12:46:55"
893,invisible,bmcgennos,public,story,"Nice database apurseyos?","2024-02-08 14:07:18"
894,visible,sleamonot,gavesqueot,message,"go away gavesqueot?","2024-01-06 03:18:03"
895,invisible,scarrollou,public,story,"Hi gdowneyou?","2024-01-29 07:21:13"
896,visible,aklaaassenov,acutmoreov,message,"How are you acutmoreov?","2024-02-23 02:10:42"
897,invisible,kfirbanksow,public,story,"I would like to get to know you better kfanthomeow?","2024-01-22 14:04:50"
898,invisible,estainlandox,public,story,"let's meet up sometime bdearox?","2024-02-16 16:57:33"
899,invisible,lkibbeyoy,public,story,"how ya doin egulleyoy?","2024-02-21 10:49:18"
900,visible,jworksoz,public,story,"How are you doing eeslemontoz?","2024-02-28 20:52:09"
901,invisible,rcatterillp0,public,story,"go away maksellp0?","2024-02-11 10:59:29"
902,visible,mbashfordp1,btynewellp1,message,"How are you doing btynewellp1?","2024-01-11 09:13:18"
903,invisible,kkainp2,public,story,"what's up bchampkinsp2?","2024-01-29 20:02:47"
904,visible,ccordelettep3,nnewlanp3,message,"what's up nnewlanp3?","2024-02-07 09:03:12"
905,visible,mmarnanep4,sklosserp4,message,"let's meet up sometime sklosserp4?","2024-01-11 04:14:53"
906,visible,ajedrzejczakp5,shedaup5,message,"let’s get pizza sometime shedaup5?","2024-01-23 09:55:44"
907,invisible,emaletrattp6,public,story,"Let’s meet up lsparkwellp6?","2024-02-18 04:08:47"
908,invisible,nriggp7,public,story,"go away koakshottp7?","2024-02-18 02:22:56"
909,invisible,kkalischp8,public,story,"Let’s meet up swarrellp8?","2024-02-02 14:59:22"
910,visible,dwigmorep9,cbooyp9,message,"Nice database cbooyp9?","2024-02-15 02:21:18"
911,visible,hadshedpa,lfawdrypa,message,"Hi lfawdrypa?","2024-01-31 16:39:15"
912,invisible,aglandpb,public,story,"what's up bellereypb?","2024-02-08 13:16:32"
913,visible,mricoaldpc,odypc,message,"Where are you odypc?","2024-02-17 20:47:25"
914,visible,ycraigheadpd,byannikovpd,message,"I don’t want to see you byannikovpd?","2024-01-18 08:25:20"
915,invisible,pkayleype,public,story,"sup amaffionipe?","2024-01-13 06:24:46"
916,visible,cephsonpf,lpilleypf,message,"Let’s meet up lpilleypf?","2024-02-14 03:16:26"
917,invisible,cwillimontpg,public,story,"How are you doing tlynthalpg?","2024-01-10 02:01:06"
918,invisible,vreeseph,public,story,"I don’t want to see you skevernph?","2024-02-19 14:53:46"
919,invisible,lkrebspi,public,story,"sup canthonypi?","2024-02-09 05:26:21"
920,invisible,wbehneckepj,public,story,"how ya doin jskeelpj?","2024-01-17 04:26:47"
921,invisible,omcgallpk,public,story,"let’s get pizza sometime trobionpk?","2024-02-25 14:36:42"
922,visible,aspackmanpl,mrussellpl,message,"How are you mrussellpl?","2024-01-27 13:56:58"
923,visible,qemminspm,adillewaypm,message,"I don’t want to see you adillewaypm?","2024-02-01 05:33:58"
924,invisible,lboggishpn,icallabypn,message,"whatcha up to icallabypn?","2024-01-22 23:03:17"
925,visible,develeighpo,jpreslandpo,message,"I don’t want to see you jpreslandpo?","2024-01-11 10:07:08"
926,invisible,pnuttallpp,public,story,"Hi dcoilspp?","2024-01-10 06:36:54"
927,invisible,mdwightpq,public,story,"Nice database rhabletpq?","2024-02-27 04:39:46"
928,visible,gduffriepr,tbraccipr,message,"Hey tbraccipr?","2024-01-10 08:19:30"
929,visible,lclaremontps,wmcilwreathps,message,"How are you wmcilwreathps?","2024-02-04 18:36:41"
930,visible,jstellinopt,ogeroldopt,message,"Hi ogeroldopt?","2024-01-12 12:08:41"
931,visible,mmccarterpu,dpappspu,message,"I don’t want to see you dpappspu?","2024-01-24 23:38:27"
932,visible,rpaolozzipv,pfliegpv,message,"Nice database pfliegpv?","2024-01-05 02:14:03"
933,visible,aricartpw,czupopw,message,"go away czupopw?","2024-01-11 10:37:34"
934,visible,fleworthypx,agooldpx,message,"how about it agooldpx?","2024-02-25 05:24:29"
935,invisible,tfoldpy,public,story,"what's up tbennenpy?","2024-01-22 05:55:50"
936,invisible,aproffittpz,tlinekerpz,message,"Where are you tlinekerpz?","2024-01-03 04:32:33"
937,invisible,jtrippittq0,public,story,"go away dcoppenq0?","2024-02-04 05:48:38"
938,visible,tgasconeq1,blinnittq1,message,"How are you blinnittq1?","2024-01-31 05:10:51"
939,invisible,khaythornthwaiteq2,public,story,"Let’s meet up hhukinsq2?","2024-02-22 03:38:07"
940,invisible,lcampanelliq3,public,story,"I don’t want to see you lbochq3?","2024-01-29 13:26:12"
941,visible,jdolemanq4,acucuzzaq4,message,"how ya doin acucuzzaq4?","2024-02-27 19:11:08"
942,visible,cmazdonq5,pmundellq5,message,"Hey pmundellq5?","2024-02-26 13:58:35"
943,visible,piffeq6,cjimesq6,message,"whatcha up to cjimesq6?","2024-02-20 17:27:18"
944,visible,ttonnaq7,eblackbroughq7,message,"Nice database eblackbroughq7?","2024-02-20 10:28:47"
945,visible,gcorstorphineq8,public,story,"how ya doin dcollcuttq8?","2024-02-28 20:52:09"
946,visible,redneyq9,tgrasserq9,message,"I would like to get to know you better tgrasserq9?","2024-02-06 21:42:34"
947,visible,cdilonqa,hpelcheurqa,message,"what's up hpelcheurqa?","2024-01-26 12:25:46"
948,invisible,lhowkinsqb,xambrogiqb,message,"whatcha up to xambrogiqb?","2024-01-18 12:47:58"
949,visible,salbenqc,asimonazziqc,message,"let’s get pizza sometime asimonazziqc?","2024-01-02 13:57:58"
950,invisible,hdailyqd,public,story,"Hi wcasinaqd?","2024-01-31 11:39:57"
951,visible,akrzysztofiakqe,wbozierqe,message,"Nice database wbozierqe?","2024-02-07 05:44:25"
952,visible,fboultqf,awickenqf,message,"sup awickenqf?","2024-02-27 09:11:20"
953,invisible,nbamberqg,public,story,"I don’t want to see you rwinspurrqg?","2024-02-18 23:42:23"
954,visible,apamphilonqh,cgaugeqh,message,"Where are you cgaugeqh?","2024-02-14 10:54:24"
955,invisible,ddomninqi,public,story,"come hang w me sboichatqi?","2024-02-14 13:27:13"
956,invisible,mwardenqj,public,story,"Let’s meet up lboameqj?","2024-02-01 02:46:00"
957,invisible,vsuggateqk,public,story,"how ya doin dfalcoqk?","2024-02-06 06:41:08"
958,visible,gabaziql,rhustonql,message,"sup rhustonql?","2024-01-26 09:21:58"
959,invisible,dspratlingqm,public,story,"whatcha up to cbootlandqm?","2024-02-27 14:37:24"
960,invisible,mketteridgeqn,jsennettqn,message,"Hi jsennettqn?","2024-01-15 02:32:22"
961,invisible,cmcinnernyqo,public,story,"how ya doin drouchqo?","2024-01-02 12:47:18"
962,invisible,taersqp,public,story,"Let’s meet up dfoggartyqp?","2024-01-10 16:13:41"
963,invisible,cshemeltqq,public,story,"Hi tmcfaulqq?","2024-02-12 11:53:43"
964,invisible,ksmeatonqr,public,story,"what's up cjancqr?","2024-02-16 21:59:00"
965,invisible,fvanderbekenqs,public,story,"how about it rmarcusqs?","2024-02-19 10:15:08"
966,invisible,cculletonqt,public,story,"sup bsimonnotqt?","2024-02-03 20:00:34"
967,visible,ighidiniqu,okennewellqu,message,"I don’t want to see you okennewellqu?","2024-02-08 06:25:26"
968,invisible,fsansumqv,public,story,"sup klaileyqv?","2024-02-08 06:56:48"
969,visible,dackensonqw,ooheneryqw,message,"let's meet up sometime ooheneryqw?","2024-02-12 22:33:29"
970,visible,ddayceqx,hplutheroqx,message,"Let’s meet up hplutheroqx?","2024-02-26 12:35:34"
971,invisible,vbulcockqy,public,story,"let’s get pizza sometime cwinridgeqy?","2024-02-26 06:47:17"
972,invisible,gtaleworthqz,public,story,"How are you ctawtonqz?","2024-02-20 19:31:29"
973,visible,hgendricker0,hmattedir0,message,"come hang w me hmattedir0?","2024-01-19 12:18:26"
974,visible,rjablonskir1,fscougalr1,message,"How are you doing fscougalr1?","2024-01-24 05:46:50"
975,invisible,hsmalesr2,public,story,"Hey hworpoler2?","2024-02-25 09:19:35"
976,invisible,hromainesr3,public,story,"Let’s meet up wbruntr3?","2024-01-25 10:03:01"
977,invisible,bkissr4,public,story,"go away nbridgwaterr4?","2024-01-08 17:07:36"
978,visible,rgoultr5,alamsheadr5,message,"Hey alamsheadr5?","2024-01-29 05:16:32"
979,invisible,naberkirdor6,public,story,"I would like to get to know you better cguirardinr6?","2024-01-12 08:10:55"
980,invisible,sskeener7,public,story,"Hi aackensonr7?","2024-01-28 20:31:05"
981,visible,cdowbakinr8,dhachardr8,message,"how about it dhachardr8?","2024-01-13 14:07:32"
982,invisible,gschollickr9,public,story,"come hang w me mcronkr9?","2024-02-27 15:08:21"
983,invisible,psteedenra,public,story,"let's meet up sometime oyaakovra?","2024-02-26 06:27:47"
984,invisible,ocurzeyrb,omacknockiterrb,message,"how about it omacknockiterrb?","2024-01-12 10:34:10"
985,invisible,cbramblerc,public,story,"go away srichierc?","2024-01-06 04:28:09"
986,visible,tbamboroughrd,kmauricerd,message,"come hang w me kmauricerd?","2024-01-09 23:25:42"
987,invisible,ccocherre,public,story,"I don’t want to see you cwassungre?","2024-01-18 04:24:50"
988,visible,atreadgallrf,mwalkerrf,message,"what's up mwalkerrf?","2024-01-29 04:03:45"
989,visible,rstormontrg,bleirmonthrg,message,"I would like to get to know you better bleirmonthrg?","2024-01-21 22:42:13"
990,visible,chealksrh,public,story,"let’s get pizza sometime awhileyrh?","2024-02-28 20:52:09"
991,invisible,djolleyri,public,story,"Nice database istraffordri?","2024-02-14 14:15:53"
992,visible,wbeavingtonrj,rbraderrj,message,"I don’t want to see you rbraderrj?","2024-01-05 00:02:03"
993,visible,mdekeeprk,hsawterrk,message,"Hey hsawterrk?","2024-01-13 20:50:20"
994,visible,hstaplefordrl,sstarkierl,message,"I don’t want to see you sstarkierl?","2024-01-26 06:07:36"
995,invisible,hhemblingrm,public,story,"sup hrubegarm?","2024-01-18 16:55:59"
996,invisible,rlynockrn,ccottisfordrn,message,"Hi ccottisfordrn?","2024-02-25 15:22:04"
997,visible,writtmeierro,ihucquartro,message,"how about it ihucquartro?","2024-01-22 16:27:40"
998,visible,mmcgreyrp,mdumbrillrp,message,"I don’t want to see you mdumbrillrp?","2024-01-07 02:42:19"
999,invisible,iwhybornerq,public,story,"come hang w me jraimanrq?","2024-01-18 12:32:19"
1000,invisible,skintonrr,public,story,"what's up kvitteryrr?","2024-02-17 13:16:54"