1,"Elwin's",Fast-food,$,Astoria,11:00,21:00,4,1
2,"Cathy's",Fast-food,$$,Astoria,12:00,23:00,4,1
3,"Louise's",Italian,$$,Flushing,12:00,22:30,3,1
4,"Rodolfo's",Deli,$$$,Jamaica,11:00,21:30,4,0
5,"Sandro's",Pizzeria,$$,"Jackson Heights",12:00,22:00,4,1
6,"Edwin's",Indian,$$$,Chelsea,11:00,21:30,5,1
7,"Phillie's",Soul,$$$,Tribeca,12:00,22:00,4,1
8,"Dela's",Soul,$$,Tribeca,12:00,23:00,2,1
9,"Pet's",Columbian,$$$,SoHo,12:00,22:00,1,1
10,"Kingsley's",American,$$,Midtown,12:00,23:00,2,1
11,"Kahlil's",Asian,$$,Chelsea,12:00,23:00,4,1
12,"Maurie's",Mediterranean,$$,Flatbush,12:00,22:30,3,0
13,"Roselin's",French,$,Williamsburg,11:00,21:00,2,1
14,"Philip's",Columbian,$$$,Williamsburg,11:00,21:30,4,1
15,"Bride's",Mediterranean,$$$$,Williamsburg,12:00,22:00,3,1
16,"Melita's",Vietnamese,$$,Riverdale,12:00,22:00,3,1
17,"Marcus's",Columbian,$$$,Riverdale,12:00,23:00,4,1
18,"Tyne's",Vietnamese,$$$,Astoria,12:00,23:00,5,1
19,"Margeaux's",Indian,$$$,Astoria,12:00,22:00,4,1
20,"Basia's",Turkish,$$$,Riverdale,12:00,22:00,4,1
21,"Luca's",Vietnamese,$,Chelsea,12:00,22:00,4,1
22,"Briney's",Mexican,$,"South Bronx",12:00,22:00,4,1
23,"Allin's",Turkish,$,Astoria,11:00,21:00,4,1
24,"Jedidiah's",Asian,$,Flushing,11:00,21:30,3,1
25,"Nicolai's",Chinese,$$$,Jamaica,12:00,22:00,5,1
26,"Louis's",Fast-food,$$,Flushing,11:00,21:30,3,1
27,"Susanetta's",Mediterranean,$$,Jamaica,12:00,22:30,4,1
28,"Sherline's",Mexican,$$,Tribeca,12:00,22:30,1,1
29,"Ketty's",Soul,$,"South Bronx",12:00,22:30,5,1
30,"Winfield's",American,$,"Sunset Park",12:00,22:30,4,1
31,"Luz's",Asian,$$$,Jamaica,11:00,21:00,2,1
32,"Olly's",Pizzeria,$$,"South Bronx",11:00,21:30,4,1
33,"Koren's",Fast-food,$$,Riverdale,12:00,22:30,3,1
34,"Prescott's",Columbian,$$$,Flatbush,11:00,21:30,2,0
35,"Jameson's",Deli,$$,Chelsea,12:00,22:30,2,1
36,"Cece's",Deli,$$,"Sunset Park",12:00,22:00,5,0
37,"Alis's",Japanese,$$$$,SoHo,11:00,21:00,3,1
38,"Celie's",Chinese,$,Riverdale,12:00,22:30,4,1
39,"Jeremias's",French,$$$$,Chinatown,11:00,21:00,5,1
40,"Skipper's",Columbian,$$$$,"South Bronx",12:00,22:00,5,1
41,"Westbrooke's",Greek,$$,"South Bronx",12:00,22:30,5,1
42,"Robers's",Deli,$$,"South Bronx",12:00,22:30,1,1
43,"Feodor's",Italian,$$,Flatbush,12:00,23:00,5,1
44,"Carlynne's",Moroccan,$$$$,Harlem,12:00,22:30,4,0
45,"Dick's",Chinese,$$$,"Sunset Park",12:00,22:30,5,1
46,"Silvana's",Soul,$$$$,Midtown,11:00,21:30,4,1
47,"Rheta's",Mexican,$$$,Flatbush,11:00,21:30,4,1
48,"Silvanus's",Deli,$,Midtown,12:00,22:00,4,1
49,"Lula's",Turkish,$$$,"South Bronx",11:00,21:30,2,1
50,"Clair's",Soul,$$$,"Sunset Park",12:00,22:00,5,1
51,"Xymenes's",Vietnamese,$$,Bushwick,12:00,23:00,4,1
52,"Ben's",Mediterranean,$,Chinatown,11:00,21:30,3,1
53,"Marne's",Pizzeria,$$$,"Jackson Heights",12:00,22:00,4,1
54,"Julie's",Pizzeria,$$$$,Tribeca,12:00,23:00,5,0
55,"Cyrill's",American,$,SoHo,11:00,21:00,4,1
56,"Viviyan's",Italian,$$$$,Bushwick,11:00,21:00,3,1
57,"Ezechiel's",American,$,Riverdale,11:00,21:00,5,1
58,"Fredrika's",Greek,$$$,"Sunset Park",12:00,22:30,4,1
59,"Tadeo's",Columbian,$$,Flushing,12:00,22:00,3,1
60,"Mathilda's",Turkish,$$,Harlem,11:00,21:30,5,1
61,"Esme's",Chinese,$$$,Chinatown,12:00,23:00,2,0
62,"Laurence's",Turkish,$,Astoria,11:00,21:30,5,1
63,"Evvy's",Japanese,$$,"Sunset Park",11:00,21:00,3,1
64,"Stearn's",American,$$$,"Sunset Park",11:00,21:30,5,1
65,"Cecelia's",Moroccan,$$,Flushing,12:00,22:30,4,1
66,"Joeann's",Greek,$$,Jamaica,12:00,22:00,5,1
67,"Mirella's",Soul,$$,Midtown,12:00,22:30,5,1
68,"Rachel's",Spanish,$$,Flatbush,12:00,22:00,4,1
69,"Lorne's",American,$$$,Midtown,11:00,21:00,5,0
70,"Guenevere's",Pizzeria,$$,Flatbush,11:00,21:30,4,1
71,"Tom's",Mediterranean,$$,SoHo,11:00,21:00,4,1
72,"Jacinda's",Japanese,$$$,"South Bronx",11:00,21:00,4,1
73,"My's",Indian,$$,"South Bronx",12:00,22:00,3,1
74,"Dennison's",French,$$$,"South Bronx",12:00,22:30,5,0
75,"Robers's",Columbian,$$,"Jackson Heights",12:00,23:00,4,1
76,"Elane's",Indian,$$$,Chinatown,12:00,22:30,4,1
77,"Jarret's",Japanese,$$,Chinatown,11:00,21:00,4,1
78,"Ermina's",Columbian,$$,SoHo,11:00,21:00,2,1
79,"Leila's",Soul,$$$,Tribeca,11:00,21:30,4,1
80,"Gillian's",Pizzeria,$$$,Riverdale,12:00,23:00,2,1
81,"Anders's",American,$$$,Astoria,11:00,21:30,5,1
82,"Charline's",American,$$$,Chinatown,12:00,23:00,4,1
83,"Sonja's",Greek,$$$$,Flatbush,12:00,22:30,5,0
84,"Gilbertine's",Spanish,$$$,Harlem,11:00,21:00,5,1
85,"Valentine's",Asian,$$,Tribeca,12:00,22:00,4,1
86,"Kalinda's",Chinese,$$,"Sunset Park",11:00,21:00,5,0
87,"Sashenka's",Soul,$,Astoria,12:00,23:00,1,1
88,"Claudina's",Moroccan,$$,Astoria,12:00,22:30,5,1
89,"Pall's",Japanese,$$$,SoHo,11:00,21:00,3,1
90,"Olive's",Columbian,$$$$,"Sunset Park",12:00,22:30,2,1
91,"Hinze's",Columbian,$$$$,Riverdale,11:00,21:30,2,1
92,"Clemmie's",Fast-food,$$,Tribeca,11:00,21:30,2,0
93,"Maura's",Fast-food,$$,Jamaica,12:00,23:00,2,0
94,"Mozelle's",Moroccan,$$$,Tribeca,12:00,22:00,2,1
95,"Kym's",Soul,$$,"South Bronx",12:00,23:00,5,1
96,"Averyl's",Turkish,$$,Flatbush,11:00,21:30,4,1
97,"Ursulina's",Soul,$$,Riverdale,12:00,22:30,3,1
98,"Carlota's",Japanese,$$$,SoHo,12:00,22:30,5,1
99,"Brinn's",Soul,$$,Harlem,11:00,21:30,3,1
100,"Letizia's",Mexican,$$,SoHo,12:00,22:00,5,0
101,"Ravi's",Italian,$$,Jamaica,11:00,21:00,5,1
102,"Alfreda's",American,$$$,"South Bronx",11:00,21:00,5,1
103,"Gratiana's",Vietnamese,$$,SoHo,12:00,22:30,3,1
104,"Gustave's",Turkish,$$,Bushwick,12:00,23:00,5,1
105,"Curr's",Fast-food,$$$,"Sunset Park",12:00,22:30,1,1
106,"Coralie's",Pizzeria,$,Astoria,11:00,21:30,4,1
107,"Aldous's",Mediterranean,$$,Tribeca,12:00,22:00,4,0
108,"Norean's",Soul,$$$$,Flatbush,11:00,21:00,3,1
109,"Care's",Spanish,$$,Astoria,12:00,22:30,3,1
110,"Karissa's",Vietnamese,$$,Flushing,11:00,21:30,5,0
111,"Julie's",Mediterranean,$$,Chinatown,12:00,23:00,5,0
112,"James's",Chinese,$$$,Riverdale,12:00,22:30,4,1
113,"Savina's",Chinese,$$,Riverdale,12:00,23:00,4,1
114,"Glen's",French,$$$,"Jackson Heights",11:00,21:00,3,1
115,"Jedd's",Fast-food,$$$,Tribeca,11:00,21:00,4,0
116,"Sorcha's",Asian,$,"Jackson Heights",11:00,21:30,2,1
117,"Friedrich's",Italian,$$,Flushing,12:00,22:30,3,1
118,"Sissy's",Indian,$$$$,Jamaica,11:00,21:00,3,0
119,"Pavia's",Soul,$$,Chelsea,12:00,22:30,2,1
120,"Krista's",Turkish,$$,Flatbush,12:00,23:00,3,1
121,"Judah's",Greek,$$,Flushing,11:00,21:30,4,1
122,"Homer's",Turkish,$$,Chinatown,12:00,23:00,4,1
123,"Inglis's",Greek,$$$,Harlem,12:00,23:00,3,1
124,"Stirling's",Soul,$$$,Tribeca,11:00,21:30,4,0
125,"Chickie's",Spanish,$$,Harlem,12:00,22:30,4,1
126,"Blondie's",Mexican,$$$$,Riverdale,12:00,22:30,5,1
127,"Kaela's",Japanese,$$$,Flatbush,12:00,22:00,5,0
128,"Beatrisa's",Deli,$$$,"Jackson Heights",12:00,22:00,2,0
129,"Lynett's",Indian,$,Midtown,11:00,21:30,5,1
130,"Michal's",Deli,$$$$,Harlem,11:00,21:30,2,1
131,"Seward's",Japanese,$,Chinatown,12:00,22:00,4,1
132,"Annora's",Moroccan,$$$$,Harlem,11:00,21:00,2,1
133,"Mitchael's",Japanese,$,Midtown,11:00,21:00,5,0
134,"Cornall's",American,$$,Tribeca,11:00,21:30,4,1
135,"Roseline's",French,$$,Astoria,12:00,23:00,4,1
136,"Marris's",Moroccan,$$$,"Sunset Park",12:00,22:00,5,1
137,"Morganica's",Japanese,$$$,"South Bronx",12:00,22:00,5,1
138,"Clemence's",Soul,$$,"South Bronx",12:00,23:00,4,1
139,"Gilburt's",French,$$,Chinatown,11:00,21:30,4,1
140,"Smith's",Vietnamese,$,Bushwick,11:00,21:00,4,1
141,"Wenonah's",American,$$,Flatbush,12:00,23:00,5,1
142,"Orrin's",Vietnamese,$$,"South Bronx",12:00,22:00,4,1
143,"Elyssa's",Mexican,$$,Midtown,12:00,22:30,2,0
144,"Nicolina's",Deli,$$,Bushwick,12:00,23:00,2,1
145,"Colan's",Columbian,$$,Flushing,12:00,23:00,3,1
146,"Tannie's",Asian,$$$,Riverdale,11:00,21:30,4,1
147,"Teena's",Indian,$$,SoHo,12:00,23:00,2,1
148,"Shayne's",Moroccan,$,Astoria,11:00,21:00,1,1
149,"Jacques's",Turkish,$$$,Flushing,12:00,22:00,5,1
150,"Liesa's",Fast-food,$$,SoHo,12:00,22:00,5,0
151,"Gianna's",French,$$,"Jackson Heights",12:00,22:00,4,1
152,"Jo-ann's",Japanese,$$,Tribeca,11:00,21:00,3,1
153,"Sib's",Soul,$$$,"South Bronx",12:00,22:00,5,0
154,"Casi's",Columbian,$$,Astoria,12:00,22:00,5,1
155,"Leda's",Fast-food,$,Jamaica,12:00,22:00,4,1
156,"Ingar's",Italian,$,SoHo,11:00,21:30,2,0
157,"Wiley's",Indian,$,Riverdale,12:00,23:00,4,0
158,"Tanitansy's",Japanese,$$$,Jamaica,12:00,23:00,2,1
159,"Myranda's",Moroccan,$$,Chelsea,12:00,23:00,4,1
160,"Nell's",Soul,$,Jamaica,12:00,23:00,2,1
161,"Luce's",Soul,$$,Tribeca,11:00,21:30,4,1
162,"Rori's",Italian,$$$$,SoHo,11:00,21:30,3,1
163,"Edvard's",Moroccan,$$$,"Jackson Heights",12:00,23:00,4,1
164,"Hakeem's",Italian,$$$,"Sunset Park",11:00,21:00,4,1
165,"Ody's",French,$$,"South Bronx",12:00,23:00,1,1
166,"Berget's",Pizzeria,$,Jamaica,11:00,21:00,4,0
167,"Hirsch's",Deli,$$$,"South Bronx",11:00,21:30,5,0
168,"Tremain's",Deli,$$$,"Sunset Park",12:00,23:00,3,0
169,"Dasya's",Fast-food,$$,Astoria,11:00,21:00,1,1
170,"Berty's",Mexican,$$,Williamsburg,12:00,22:30,5,1
171,"Felicity's",American,$,Harlem,11:00,21:00,5,1
172,"Daisey's",Fast-food,$$$,Flushing,11:00,21:30,5,1
173,"Britt's",Moroccan,$$$$,SoHo,11:00,21:30,5,1
174,"Melodie's",Japanese,$$$,Flatbush,11:00,21:00,4,1
175,"Yorker's",Pizzeria,$$$,Chinatown,11:00,21:30,5,1
176,"Linnie's",Spanish,$$$,"Jackson Heights",12:00,23:00,5,1
177,"Bengt's",Fast-food,$,Midtown,12:00,23:00,5,0
178,"Nicolas's",French,$$$,Bushwick,12:00,22:00,1,1
179,"Flynn's",Mediterranean,$$$,Astoria,12:00,23:00,4,0
180,"Thedric's",Pizzeria,$,"Sunset Park",12:00,22:00,3,0
181,"Mirabel's",Columbian,$$$,"South Bronx",11:00,21:00,4,1
182,"Kelby's",Japanese,$$$,Williamsburg,11:00,21:00,4,1
183,"Sauveur's",Italian,$$$,SoHo,12:00,22:00,2,1
184,"Costanza's",Italian,$,Flushing,11:00,21:30,3,1
185,"Noel's",French,$$,Midtown,12:00,22:30,2,1
186,"Merry's",Chinese,$$,Tribeca,11:00,21:00,4,0
187,"Codi's",Vietnamese,$,Flushing,12:00,22:30,3,1
188,"Durward's",Turkish,$$$,Flushing,11:00,21:30,4,1
189,"Vin's",Indian,$,Flatbush,11:00,21:00,5,1
190,"Chloette's",Indian,$$$$,SoHo,11:00,21:00,1,0
191,"Haleigh's",Indian,$,Jamaica,12:00,22:30,1,1
192,"Stinky's",Indian,$$,Chelsea,11:00,21:30,4,1
193,"Camille's",Mexican,$$,Flatbush,12:00,22:30,3,0
194,"Rob's",Spanish,$$,Riverdale,12:00,22:30,5,1
195,"Beilul's",Fast-food,$$$,Bushwick,11:00,21:00,4,1
196,"Philomena's",Turkish,$$$$,Flushing,12:00,23:00,1,1
197,"Adelbert's",French,$$$,Midtown,12:00,22:30,4,1
198,"Pam's",Chinese,$$,Flatbush,11:00,21:00,2,1
199,"Gunar's",Fast-food,$$,Midtown,12:00,23:00,4,1
200,"Wes's",Spanish,$,Chinatown,11:00,21:30,5,1
201,"Sax's",Pizzeria,$$,Williamsburg,12:00,22:30,5,1
202,"Aurilia's",Mediterranean,$$$,Flushing,12:00,23:00,2,1
203,"Gearard's",Pizzeria,$$,Bushwick,12:00,23:00,2,1
204,"Mildred's",Turkish,$$,Flatbush,11:00,21:00,4,1
205,"Ermanno's",Japanese,$$,"Sunset Park",12:00,22:30,2,1
206,"Chelsae's",American,$$,Midtown,11:00,21:30,5,1
207,"Audi's",Deli,$$$$,Astoria,12:00,22:00,5,1
208,"Barnaby's",Indian,$,SoHo,12:00,22:30,2,0
209,"Doria's",Fast-food,$,Chelsea,12:00,22:30,5,1
210,"Dehlia's",Chinese,$$,Jamaica,11:00,21:30,2,1
211,"Dennie's",Turkish,$$$,Riverdale,11:00,21:00,1,1
212,"Myrle's",Mexican,$$$$,"South Bronx",11:00,21:00,5,1
213,"Silvan's",Spanish,$$,Chelsea,12:00,23:00,3,1
214,"Reine's",Pizzeria,$,Bushwick,11:00,21:30,4,1
215,"Andre's",Chinese,$,"Jackson Heights",11:00,21:00,1,1
216,"Elihu's",American,$$$,Midtown,11:00,21:30,2,1
217,"Fergus's",Pizzeria,$$,Tribeca,12:00,22:30,3,1
218,"Seana's",Fast-food,$$,Flushing,11:00,21:30,2,0
219,"Jeromy's",Turkish,$,Midtown,12:00,22:30,3,1
220,"Way's",Fast-food,$,Bushwick,11:00,21:00,2,1
221,"Alverta's",Mexican,$$,Jamaica,12:00,23:00,2,1
222,"Vallie's",Vietnamese,$,Williamsburg,12:00,22:00,3,0
223,"Trip's",Vietnamese,$,"Sunset Park",12:00,22:00,4,1
224,"Gannie's",Vietnamese,$$,Flushing,11:00,21:30,3,0
225,"Aubrey's",Mediterranean,$,Jamaica,12:00,23:00,4,1
226,"Shelly's",Pizzeria,$$,Astoria,11:00,21:00,3,1
227,"Clerissa's",Pizzeria,$$,Williamsburg,12:00,22:00,4,1
228,"Philipa's",Moroccan,$,Bushwick,12:00,23:00,5,1
229,"Catlaina's",Chinese,$$,Astoria,12:00,22:00,1,1
230,"Geoffry's",Pizzeria,$,SoHo,12:00,23:00,4,1
231,"Monro's",Soul,$$$$,Astoria,11:00,21:30,2,1
232,"Corinna's",French,$$,Flushing,12:00,22:30,2,1
233,"Ardeen's",Indian,$$$,Chelsea,12:00,22:30,4,1
234,"Maren's",Asian,$$$$,Astoria,11:00,21:00,5,0
235,"Benoit's",Vietnamese,$$,Chelsea,12:00,22:30,3,0
236,"Miguelita's",Greek,$$,Williamsburg,12:00,22:00,3,0
237,"Mickie's",Vietnamese,$$$,Jamaica,11:00,21:30,5,1
238,"Shoshanna's",Japanese,$,Chinatown,11:00,21:00,5,1
239,"Deonne's",Columbian,$$,"Jackson Heights",12:00,23:00,5,0
240,"Ramsay's",Indian,$$,Chinatown,12:00,22:00,4,1
241,"Gates's",Fast-food,$$$,Astoria,12:00,23:00,5,1
242,"Rosa's",Moroccan,$$$$,"Sunset Park",11:00,21:30,5,1
243,"Mikaela's",Moroccan,$$,"Jackson Heights",12:00,23:00,2,1
244,"Carmon's",Deli,$$,SoHo,12:00,22:30,4,1
245,"Derk's",Turkish,$,Midtown,11:00,21:00,4,1
246,"Erin's",American,$$,Midtown,12:00,22:30,3,1
247,"Claudie's",French,$,Astoria,12:00,22:30,5,0
248,"Marti's",Asian,$$$$,Bushwick,12:00,23:00,4,1
249,"Theressa's",Indian,$$,Bushwick,11:00,21:00,4,1
250,"Alain's",Pizzeria,$$,Tribeca,11:00,21:30,3,1
251,"Lora's",Asian,$$,Astoria,12:00,22:00,3,0
252,"Terza's",Asian,$$,Tribeca,11:00,21:30,3,1
253,"Chip's",Asian,$$,Riverdale,12:00,22:00,3,1
254,"Jobina's",Chinese,$$$$,SoHo,12:00,23:00,3,1
255,"Tate's",American,$$,"Sunset Park",11:00,21:30,5,0
256,"Mattias's",Asian,$$$,Riverdale,11:00,21:00,5,1
257,"Lolita's",Pizzeria,$$$,Chelsea,12:00,22:30,3,1
258,"Lila's",Asian,$$$,Flatbush,12:00,23:00,5,1
259,"Agata's",Soul,$$,"South Bronx",12:00,22:00,1,1
260,"Constancy's",Deli,$$,Astoria,12:00,22:30,4,1
261,"Westbrook's",French,$$$,Riverdale,12:00,22:30,1,0
262,"Albertine's",Turkish,$$$,"South Bronx",12:00,23:00,2,1
263,"Spence's",American,$$$,Chelsea,11:00,21:00,4,1
264,"Mandie's",Soul,$$$,"Sunset Park",11:00,21:30,1,1
265,"Jo's",Indian,$$$,Midtown,12:00,23:00,1,1
266,"Lillis's",French,$$$,Astoria,11:00,21:30,4,0
267,"Somerset's",Pizzeria,$$$,Flushing,11:00,21:00,3,1
268,"Baron's",Chinese,$,SoHo,12:00,22:00,1,1
269,"Sunny's",Turkish,$$,Tribeca,11:00,21:00,3,1
270,"Latrena's",Deli,$$$,Riverdale,11:00,21:00,4,1
271,"Temple's",Fast-food,$$$,Flushing,12:00,22:30,5,1
272,"Stacie's",American,$,Chinatown,11:00,21:00,4,1
273,"Ervin's",Fast-food,$,Williamsburg,12:00,22:30,4,1
274,"Dicky's",French,$$,Jamaica,11:00,21:30,4,0
275,"Raphaela's",Columbian,$$$,"South Bronx",11:00,21:30,3,1
276,"Harwilll's",Asian,$$,Tribeca,11:00,21:30,5,0
277,"Phylis's",Columbian,$$,SoHo,11:00,21:00,4,0
278,"Darci's",Moroccan,$$,Flushing,12:00,23:00,1,1
279,"Sara-ann's",Italian,$,SoHo,12:00,22:00,3,1
280,"Lambert's",Soul,$,"South Bronx",12:00,22:00,3,1
281,"Eustace's",French,$$$,Jamaica,12:00,23:00,5,1
282,"Brett's",Italian,$$$,Williamsburg,11:00,21:00,5,1
283,"Anallese's",Spanish,$$,Bushwick,11:00,21:30,4,0
284,"Aldin's",Mediterranean,$$,Harlem,12:00,22:30,4,1
285,"Prescott's",Pizzeria,$,"Sunset Park",12:00,22:30,2,1
286,"Trixi's",Pizzeria,$$$$,Jamaica,12:00,23:00,3,1
287,"Ralph's",Columbian,$$$$,Chinatown,11:00,21:00,5,0
288,"Cullan's",Asian,$$,Flushing,11:00,21:00,4,0
289,"Liva's",Turkish,$$$,Bushwick,12:00,22:30,4,1
290,"Dolph's",Vietnamese,$$$,Flatbush,11:00,21:30,3,1
291,"Waldo's",Pizzeria,$$,Bushwick,12:00,22:30,3,1
292,"Laurene's",French,$$,"Sunset Park",11:00,21:30,3,1
293,"Peria's",American,$$,"South Bronx",12:00,23:00,5,1
294,"Terra's",American,$$,Flatbush,12:00,23:00,5,1
295,"Corrie's",Moroccan,$$$$,"Jackson Heights",12:00,23:00,5,1
296,"Payton's",Chinese,$$,"Sunset Park",12:00,23:00,3,1
297,"Katina's",Deli,$,Flushing,12:00,23:00,3,1
298,"Harriet's",French,$$,"Jackson Heights",11:00,21:30,4,1
299,"Grover's",American,$$$$,Tribeca,12:00,22:30,4,1
300,"Mirella's",Pizzeria,$$$,Riverdale,12:00,22:30,4,1
301,"Simeon's",Pizzeria,$$$,Chinatown,12:00,23:00,3,1
302,"Ric's",Mexican,$$,Chinatown,11:00,21:30,5,1
303,"Tobias's",Chinese,$$$,"Jackson Heights",11:00,21:00,3,1
304,"Yance's",Italian,$,SoHo,11:00,21:30,3,0
305,"Sherie's",Columbian,$,Bushwick,12:00,23:00,4,1
306,"Hubey's",Moroccan,$,"Sunset Park",12:00,23:00,4,1
307,"Emelen's",Fast-food,$$$,Tribeca,12:00,22:00,4,0
308,"Lenard's",Spanish,$$,Williamsburg,12:00,22:30,2,1
309,"Carver's",Greek,$$,Flushing,11:00,21:30,4,1
310,"Keely's",Columbian,$$$,Astoria,12:00,23:00,3,1
311,"Jedediah's",Vietnamese,$,Astoria,12:00,23:00,5,1
312,"Kaitlin's",Fast-food,$$,"Sunset Park",12:00,22:30,3,1
313,"Isabeau's",Indian,$$,Flatbush,11:00,21:00,3,1
314,"Druci's",Japanese,$$$,"Sunset Park",11:00,21:30,1,1
315,"Cornelius's",Turkish,$$,Chelsea,12:00,22:30,3,1
316,"Lil's",Soul,$$,SoHo,12:00,22:00,4,1
317,"Juliann's",Chinese,$$$,"Sunset Park",11:00,21:00,4,0
318,"Mireille's",Greek,$$$,Riverdale,12:00,22:30,3,1
319,"Vanessa's",American,$$$,Bushwick,11:00,21:00,5,1
320,"Bengt's",Mexican,$$,Flushing,12:00,23:00,3,1
321,"Ripley's",Indian,$$,Chinatown,12:00,22:00,3,1
322,"Wildon's",Mexican,$$,"Jackson Heights",12:00,22:00,1,1
323,"Sammie's",American,$,Flatbush,11:00,21:30,2,1
324,"Libbey's",Spanish,$$,Riverdale,12:00,22:30,3,1
325,"Hayyim's",Deli,$$,Astoria,12:00,22:30,5,1
326,"Jolee's",Spanish,$$,"Sunset Park",11:00,21:00,5,1
327,"Deni's",Mediterranean,$$$,Chelsea,12:00,22:00,4,1
328,"Aurelia's",Vietnamese,$,Astoria,11:00,21:00,4,0
329,"Bernie's",Greek,$$$,Chinatown,12:00,22:30,1,1
330,"Godfrey's",Turkish,$$,Flushing,12:00,22:30,4,1
331,"Aubine's",Vietnamese,$$,"Jackson Heights",12:00,22:00,5,1
332,"Carri's",Mediterranean,$$$$,"South Bronx",12:00,22:30,4,1
333,"Fabe's",Mediterranean,$,"Sunset Park",12:00,23:00,4,1
334,"Eadmund's",Mexican,$$$$,Flatbush,11:00,21:00,4,1
335,"Hadleigh's",Columbian,$,"Jackson Heights",12:00,23:00,4,0
336,"Stanford's",Pizzeria,$$,Tribeca,12:00,22:30,3,1
337,"Gabrila's",Moroccan,$$$$,Riverdale,11:00,21:00,3,0
338,"Olympie's",Soul,$$,"Sunset Park",12:00,22:00,3,1
339,"Janetta's",Pizzeria,$$$,SoHo,12:00,22:00,4,1
340,"Dorri's",Mediterranean,$$,Riverdale,11:00,21:00,4,1
341,"Kata's",Columbian,$$,Williamsburg,12:00,23:00,2,1
342,"Dix's",American,$$$$,Chinatown,11:00,21:30,5,1
343,"Nigel's",Greek,$$$,"Sunset Park",12:00,22:00,5,0
344,"Susy's",Mexican,$$$,Bushwick,11:00,21:30,4,1
345,"Winthrop's",Asian,$$,Flatbush,11:00,21:00,5,1
346,"Clarance's",Pizzeria,$$,Chelsea,12:00,22:00,5,1
347,"Parker's",Asian,$$$,Chinatown,11:00,21:00,3,1
348,"Sheela's",Turkish,$$$$,"Jackson Heights",11:00,21:00,4,0
349,"Anna's",Spanish,$$,"South Bronx",11:00,21:00,2,1
350,"Jerry's",Soul,$$$$,Williamsburg,12:00,22:30,5,1
351,"Shellie's",Vietnamese,$$,Chinatown,12:00,22:30,4,1
352,"Devin's",Chinese,$,Tribeca,12:00,23:00,2,1
353,"Cordie's",Greek,$$,Riverdale,12:00,23:00,2,1
354,"Fernandina's",Pizzeria,$$,Riverdale,12:00,23:00,5,1
355,"Jori's",Soul,$$,SoHo,12:00,22:30,3,1
356,"Brittaney's",Italian,$$,Riverdale,12:00,22:30,3,1
357,"Alister's",Pizzeria,$,Bushwick,12:00,23:00,4,1
358,"Brian's",Indian,$$,Astoria,12:00,22:00,3,1
359,"Kaycee's",French,$$$,Riverdale,11:00,21:30,1,1
360,"Giacopo's",Mediterranean,$$,SoHo,11:00,21:00,5,1
361,"Kahlil's",Asian,$$,Jamaica,11:00,21:30,3,1
362,"Orsola's",Turkish,$$$,Astoria,12:00,23:00,3,1
363,"Mommy's",Spanish,$$$$,Williamsburg,12:00,22:00,4,0
364,"Hinda's",Soul,$,Harlem,12:00,22:30,5,0
365,"Kaitlynn's",Deli,$,Astoria,12:00,22:30,3,0
366,"Alfred's",Turkish,$$,Tribeca,12:00,22:00,3,1
367,"Jodie's",French,$$,Astoria,12:00,22:00,5,0
368,"Curcio's",Deli,$$$,Williamsburg,11:00,21:30,5,1
369,"Nalani's",Soul,$$$,Flushing,12:00,23:00,3,1
370,"Robin's",Chinese,$,Chelsea,12:00,22:00,5,1
371,"Slade's",French,$,Astoria,11:00,21:00,4,1
372,"Channa's",American,$$,SoHo,12:00,22:00,4,1
373,"Silvanus's",Mediterranean,$$,Tribeca,12:00,22:30,1,0
374,"Demetris's",French,$$$$,Astoria,12:00,22:00,4,1
375,"Leon's",Deli,$$,Riverdale,12:00,22:00,4,1
376,"Damara's",Turkish,$$$$,"Jackson Heights",11:00,21:30,5,1
377,"Randi's",Turkish,$$,Chinatown,11:00,21:00,1,1
378,"Freddie's",Asian,$$,Williamsburg,12:00,22:00,4,1
379,"Gerri's",Asian,$,Riverdale,11:00,21:00,5,1
380,"Connie's",Italian,$$,Chelsea,12:00,22:30,4,1
381,"Margeaux's",Chinese,$$,Flatbush,11:00,21:30,1,1
382,"Sisile's",Mediterranean,$$$,Jamaica,12:00,22:00,4,1
383,"Chan's",Pizzeria,$$$,Bushwick,11:00,21:00,4,1
384,"Jaquelyn's",Columbian,$$,Tribeca,12:00,23:00,4,1
385,"Eydie's",Indian,$,"Jackson Heights",11:00,21:30,4,1
386,"Lauryn's",French,$$$,Jamaica,12:00,22:30,1,1
387,"Dara's",Vietnamese,$$$,Williamsburg,12:00,22:00,4,1
388,"Bernetta's",Moroccan,$$$,"Sunset Park",12:00,23:00,1,1
389,"Frayda's",Soul,$,Tribeca,12:00,22:30,2,1
390,"Lorilee's",Turkish,$$$,"Jackson Heights",11:00,21:00,3,1
391,"Josey's",Asian,$,"Jackson Heights",12:00,22:30,5,0
392,"Si's",Indian,$$,"South Bronx",11:00,21:00,4,0
393,"Vassili's",American,$$,Astoria,12:00,23:00,4,0
394,"Niles's",Indian,$$,Chinatown,12:00,23:00,4,0
395,"Aeriela's",Columbian,$,Harlem,11:00,21:00,4,0
396,"Charita's",Chinese,$$,Harlem,12:00,22:00,3,1
397,"Katherine's",Fast-food,$$$,SoHo,11:00,21:00,4,1
398,"Berget's",Chinese,$$$,Flatbush,12:00,22:30,3,1
399,"Florinda's",Columbian,$$,Flatbush,12:00,22:30,5,1
400,"Horace's",Fast-food,$$$,Astoria,11:00,21:00,1,1
401,"Niko's",American,$$,Williamsburg,11:00,21:00,3,1
402,"Brien's",Spanish,$$$,Williamsburg,12:00,22:30,4,1
403,"Kimmy's",French,$$$,Flushing,12:00,22:00,3,0
404,"Theresita's",Chinese,$$$$,SoHo,12:00,23:00,4,1
405,"Glynnis's",Turkish,$$$,"Jackson Heights",11:00,21:00,4,1
406,"Lillian's",Mediterranean,$$$$,Tribeca,11:00,21:00,4,1
407,"Kelli's",Deli,$$,Tribeca,11:00,21:30,3,1
408,"Hyacinthia's",Deli,$,SoHo,12:00,22:30,5,1
409,"Chelsie's",Vietnamese,$,"Sunset Park",12:00,22:00,4,1
410,"Antonie's",French,$$,Jamaica,12:00,23:00,3,0
411,"Philipa's",Vietnamese,$$$,Jamaica,12:00,23:00,4,0
412,"Marla's",Indian,$,"Jackson Heights",12:00,23:00,1,1
413,"Greg's",Vietnamese,$,Williamsburg,12:00,22:30,2,0
414,"Koren's",Asian,$,Williamsburg,12:00,22:30,4,1
415,"Chanda's",Soul,$,Bushwick,12:00,22:00,5,1
416,"Tuck's",Indian,$,Riverdale,12:00,22:30,4,0
417,"Etan's",Italian,$$$,"Sunset Park",11:00,21:30,3,1
418,"Winona's",Asian,$$$,Bushwick,12:00,23:00,5,1
419,"Guilbert's",Japanese,$$$,Chelsea,12:00,22:30,3,1
420,"Cassaundra's",Deli,$,Jamaica,11:00,21:30,4,1
421,"Rice's",Greek,$$$,SoHo,11:00,21:30,5,1
422,"Diahann's",Mediterranean,$$,Flatbush,12:00,22:00,1,1
423,"Min's",Italian,$$,SoHo,12:00,23:00,4,1
424,"Bamby's",Japanese,$$$$,Bushwick,12:00,22:30,3,1
425,"Iormina's",Japanese,$$$,Williamsburg,12:00,23:00,3,1
426,"Marijo's",Asian,$$,Jamaica,11:00,21:30,4,1
427,"Launce's",Deli,$,"South Bronx",12:00,23:00,4,1
428,"Valentino's",Columbian,$$$,Tribeca,11:00,21:00,5,1
429,"Sapphira's",Japanese,$$$,Astoria,12:00,22:00,4,1
430,"Briano's",Soul,$$,Tribeca,12:00,22:00,1,0
431,"Natal's",Indian,$$$,Bushwick,11:00,21:00,4,0
432,"Kristy's",American,$$$$,Jamaica,12:00,23:00,3,1
433,"Meggie's",Deli,$$,"South Bronx",11:00,21:00,4,1
434,"Mord's",Asian,$$,Flushing,11:00,21:00,4,1
435,"Vergil's",Moroccan,$$,SoHo,12:00,22:30,4,1
436,"Iver's",Mexican,$$,"South Bronx",12:00,22:00,3,1
437,"Juliana's",Chinese,$,Bushwick,12:00,22:00,4,1
438,"Timi's",Mexican,$$,Chelsea,12:00,22:00,5,0
439,"Ephrayim's",Mexican,$$$,Riverdale,12:00,22:30,5,1
440,"Heinrick's",Italian,$,Jamaica,12:00,23:00,1,1
441,"Thomasina's",Turkish,$$,Riverdale,12:00,22:00,3,1
442,"Kordula's",Turkish,$$,Tribeca,11:00,21:30,2,1
443,"Kerry's",Pizzeria,$$$,SoHo,11:00,21:30,5,1
444,"Matias's",Soul,$,Riverdale,11:00,21:30,4,0
445,"Claretta's",Greek,$$,Harlem,12:00,23:00,3,1
446,"Tait's",Indian,$$$,Chelsea,12:00,23:00,4,1
447,"Lottie's",Spanish,$$,"Sunset Park",11:00,21:30,4,0
448,"Rodney's",Fast-food,$$,Jamaica,12:00,22:00,3,1
449,"Ameline's",Chinese,$$,Bushwick,12:00,23:00,2,1
450,"Brett's",Italian,$$$$,Chelsea,12:00,22:00,4,1
451,"Donella's",Pizzeria,$$,Midtown,11:00,21:00,4,1
452,"Loy's",Italian,$$,Flushing,12:00,22:00,4,1
453,"Clarabelle's",Moroccan,$$$,Riverdale,11:00,21:30,4,1
454,"Ferris's",Spanish,$$$$,"Sunset Park",12:00,23:00,4,1
455,"Gael's",Chinese,$$$,Williamsburg,11:00,21:00,5,1
456,"Janka's",Vietnamese,$$$$,"Jackson Heights",11:00,21:30,4,0
457,"Ronald's",Turkish,$$$,"Sunset Park",12:00,22:00,1,0
458,"Hyatt's",Vietnamese,$$,Chelsea,12:00,22:00,3,1
459,"Donnie's",Spanish,$$,"Sunset Park",11:00,21:00,4,0
460,"Alvy's",Spanish,$$,Midtown,11:00,21:30,5,0
461,"Arly's",Columbian,$$,Flatbush,11:00,21:00,3,1
462,"Cornelius's",Columbian,$$,"South Bronx",12:00,23:00,3,1
463,"Gillian's",American,$$,"Jackson Heights",12:00,22:00,5,1
464,"Farlay's",Soul,$$,Astoria,12:00,22:00,5,1
465,"Atalanta's",Chinese,$,Bushwick,11:00,21:30,1,1
466,"Vickie's",Deli,$$$,SoHo,12:00,22:00,1,1
467,"Albert's",Turkish,$,Williamsburg,11:00,21:00,4,1
468,"Ingrid's",Deli,$$$,Flushing,12:00,22:00,4,0
469,"Barbette's",Italian,$,Midtown,11:00,21:30,5,1
470,"Freeland's",Italian,$$,Flatbush,12:00,23:00,4,1
471,"Clo's",Chinese,$$$,"South Bronx",11:00,21:00,5,1
472,"Eada's",Soul,$,"South Bronx",12:00,22:30,2,0
473,"Robinette's",Columbian,$$,Midtown,12:00,22:30,1,0
474,"Sara's",Deli,$$$,Chelsea,12:00,22:00,1,1
475,"Roosevelt's",Spanish,$$$,Tribeca,12:00,22:00,4,1
476,"Berni's",Mediterranean,$$$,Bushwick,12:00,23:00,4,1
477,"Ralf's",Mexican,$$$,Flatbush,11:00,21:30,2,0
478,"Bearnard's",Indian,$$$,Chelsea,11:00,21:00,4,1
479,"Corinna's",Columbian,$$$,"Sunset Park",12:00,22:30,3,0
480,"Eberto's",Spanish,$$$$,"South Bronx",11:00,21:30,1,0
481,"Adena's",Deli,$$$,Midtown,11:00,21:00,5,0
482,"Daryle's",Spanish,$$,"Sunset Park",12:00,22:00,4,1
483,"Davida's",Turkish,$,Riverdale,11:00,21:30,4,1
484,"Rufus's",Japanese,$$$,Chelsea,11:00,21:30,5,1
485,"Hanna's",Spanish,$$,"Jackson Heights",12:00,22:30,3,1
486,"Cherlyn's",Columbian,$,Harlem,12:00,22:30,5,1
487,"Thurstan's",American,$$,"Jackson Heights",12:00,22:30,5,1
488,"Laird's",Japanese,$$,Jamaica,12:00,23:00,4,1
489,"Johna's",Columbian,$$$$,Bushwick,12:00,22:00,5,1
490,"Robert's",American,$$,Midtown,12:00,22:00,4,0
491,"Philip's",Japanese,$$,"Sunset Park",12:00,22:30,4,1
492,"Mei's",Soul,$$$,SoHo,12:00,22:00,5,0
493,"Ryun's",Mexican,$$$$,"Sunset Park",11:00,21:00,5,0
494,"Walton's",Moroccan,$,Midtown,12:00,23:00,3,1
495,"Janessa's",Indian,$,Tribeca,11:00,21:30,5,1
496,"Deva's",Chinese,$$,Flushing,11:00,21:00,2,0
497,"Yolande's",Deli,$$$,Tribeca,12:00,22:00,4,0
498,"Elaina's",Vietnamese,$$,SoHo,12:00,22:00,2,1
499,"Keriann's",Italian,$$,"Jackson Heights",12:00,23:00,5,0
500,"Page's",Asian,$$$$,Tribeca,12:00,22:30,2,1
501,"Terence's",Indian,$$,SoHo,11:00,21:30,5,0
502,"Temp's",Turkish,$$,Riverdale,12:00,22:30,4,1
503,"Randy's",Chinese,$$,Astoria,11:00,21:00,4,0
504,"Rebekkah's",Deli,$,Bushwick,12:00,23:00,5,0
505,"Gillian's",Soul,$$,"South Bronx",12:00,22:00,5,0
506,"Krissy's",Vietnamese,$$$$,Midtown,12:00,22:00,3,1
507,"Cara's",Italian,$$$,"Jackson Heights",11:00,21:00,4,0
508,"Abeu's",Greek,$$$,"Sunset Park",11:00,21:00,3,1
509,"Palmer's",Indian,$$,Chinatown,12:00,22:00,3,1
510,"Angie's",Italian,$$,Harlem,12:00,23:00,5,1
511,"Filippa's",American,$$,"Sunset Park",11:00,21:00,5,1
512,"Dorelle's",Vietnamese,$,Flushing,12:00,22:30,4,1
513,"Bernete's",Italian,$$$,Bushwick,11:00,21:30,4,1
514,"Rick's",Chinese,$,Chinatown,11:00,21:00,3,0
515,"Claudine's",Chinese,$$$,Chelsea,12:00,22:30,4,1
516,"Forest's",Fast-food,$$,Midtown,12:00,22:00,4,1
517,"Fredi's",Soul,$$,"Sunset Park",11:00,21:30,2,1
518,"Milly's",Turkish,$$,"Jackson Heights",12:00,22:30,5,1
519,"Aggie's",Soul,$$$,Jamaica,12:00,22:00,4,0
520,"Muffin's",Mediterranean,$$$,SoHo,12:00,23:00,4,1
521,"Belicia's",Moroccan,$$$,Chinatown,12:00,22:30,3,1
522,"Trudey's",Deli,$$,"Sunset Park",11:00,21:30,4,1
523,"Danyette's",Mediterranean,$$,Midtown,12:00,23:00,2,1
524,"Corliss's",Mediterranean,$$,Tribeca,11:00,21:30,2,1
525,"Venita's",Mediterranean,$$$,Chelsea,12:00,22:30,4,1
526,"Filberte's",Japanese,$$,Tribeca,12:00,22:30,5,1
527,"Fitzgerald's",Asian,$$,Riverdale,11:00,21:30,4,1
528,"Parrnell's",Spanish,$$,"Sunset Park",11:00,21:30,5,1
529,"Phyllida's",Mexican,$$$,Bushwick,11:00,21:00,2,1
530,"Morissa's",Italian,$$$$,Jamaica,11:00,21:00,5,1
531,"Findley's",Italian,$$,"South Bronx",12:00,22:30,5,1
532,"Winthrop's",Chinese,$$,"Jackson Heights",12:00,22:30,4,0
533,"Jessika's",Indian,$,Chelsea,11:00,21:30,3,0
534,"Kamilah's",Turkish,$$,Midtown,12:00,22:30,3,0
535,"Marilee's",Greek,$$,"South Bronx",12:00,23:00,5,0
536,"Izak's",Mexican,$,Riverdale,12:00,22:00,4,0
537,"Hercules's",Turkish,$,Harlem,11:00,21:00,5,1
538,"Issy's",Spanish,$$,Tribeca,12:00,23:00,4,1
539,"Lori's",Columbian,$$,Williamsburg,12:00,22:00,3,1
540,"Cal's",Fast-food,$,Bushwick,11:00,21:30,5,1
541,"Shea's",Chinese,$$,"Sunset Park",12:00,22:30,5,1
542,"Ethan's",Deli,$$,"South Bronx",12:00,22:30,4,1
543,"Florrie's",Pizzeria,$$$,Bushwick,12:00,22:00,3,1
544,"Leonhard's",Turkish,$$,"Jackson Heights",12:00,22:30,5,1
545,"Timofei's",American,$,Bushwick,12:00,23:00,2,0
546,"Terrell's",Greek,$$$,Flatbush,12:00,22:30,3,1
547,"Belicia's",Moroccan,$$,Jamaica,12:00,22:30,4,1
548,"Isidora's",Mexican,$$$,Tribeca,11:00,21:30,4,1
549,"Sophey's",Pizzeria,$$$$,Williamsburg,12:00,23:00,3,1
550,"Anatola's",Greek,$$$,Midtown,12:00,22:30,4,1
551,"Brendan's",Indian,$$,Harlem,12:00,22:30,5,0
552,"Etty's",Moroccan,$,"Jackson Heights",12:00,22:30,3,1
553,"Lyndel's",Japanese,$$,Harlem,12:00,23:00,2,0
554,"Kylynn's",Greek,$$,Midtown,12:00,22:30,3,1
555,"Paolina's",Soul,$$,Flushing,12:00,22:30,3,1
556,"Freddie's",Moroccan,$$$,Jamaica,11:00,21:30,3,1
557,"Bruis's",Deli,$$$,Chinatown,11:00,21:30,4,1
558,"Elene's",Turkish,$$,Astoria,11:00,21:00,5,0
559,"Milzie's",Turkish,$$$$,Flushing,11:00,21:30,3,0
560,"Cymbre's",Mexican,$$$,"South Bronx",12:00,23:00,3,1
561,"Grata's",Fast-food,$$,Harlem,12:00,23:00,2,1
562,"Aluin's",Indian,$$,SoHo,12:00,22:30,3,1
563,"Emerson's",Turkish,$$$,Astoria,12:00,22:00,5,1
564,"Leroi's",Turkish,$$$,"Jackson Heights",12:00,22:00,3,1
565,"Barclay's",Vietnamese,$$$,Tribeca,12:00,23:00,3,1
566,"Abagail's",Moroccan,$$,Harlem,12:00,23:00,4,1
567,"Willamina's",Fast-food,$$$$,Flushing,12:00,23:00,5,1
568,"Janis's",Deli,$$$,Tribeca,12:00,22:30,4,1
569,"Evelyn's",Mediterranean,$,Flushing,12:00,22:30,4,1
570,"Jaime's",Indian,$$$,Chelsea,12:00,22:30,2,1
571,"Chane's",French,$$,Jamaica,12:00,23:00,3,1
572,"Bailey's",Moroccan,$$$,Flatbush,12:00,22:30,3,1
573,"Manda's",Chinese,$$,"Jackson Heights",12:00,22:00,5,1
574,"Reg's",Deli,$$$$,Harlem,12:00,23:00,3,1
575,"Rod's",Mexican,$$,Harlem,12:00,22:00,5,0
576,"Clemens's",Spanish,$$$$,"Jackson Heights",11:00,21:00,5,0
577,"Hertha's",Mediterranean,$$,Astoria,12:00,22:00,4,1
578,"Gaylor's",Mediterranean,$$$,Harlem,12:00,23:00,2,1
579,"Lavina's",Spanish,$$$,"South Bronx",12:00,23:00,1,1
580,"Violante's",American,$,Chinatown,12:00,22:30,4,1
581,"Rosalind's",American,$$,Bushwick,11:00,21:00,2,1
582,"Jarrid's",Deli,$$$,Chinatown,11:00,21:00,3,1
583,"Selinda's",Italian,$$$$,Midtown,12:00,22:00,5,1
584,"Garfield's",Moroccan,$,Chelsea,12:00,22:00,1,1
585,"Karlyn's",French,$$$,Bushwick,12:00,22:30,5,1
586,"De's",Vietnamese,$$$$,Williamsburg,11:00,21:00,4,0
587,"Finlay's",Indian,$,"Sunset Park",12:00,23:00,2,1
588,"Dudley's",Mexican,$$,Flushing,11:00,21:30,2,1
589,"Cal's",Spanish,$$,"Sunset Park",11:00,21:00,4,1
590,"Townie's",American,$$,Flatbush,11:00,21:00,3,1
591,"Dinah's",American,$,Flatbush,12:00,22:00,1,0
592,"Tuckie's",Spanish,$$,SoHo,11:00,21:30,4,0
593,"Elwood's",Vietnamese,$$$,Chinatown,12:00,22:30,4,1
594,"Sofia's",Asian,$$,Bushwick,12:00,22:30,3,0
595,"Marilyn's",Indian,$$$,Astoria,12:00,23:00,3,1
596,"Elihu's",Spanish,$$$,Williamsburg,11:00,21:30,4,1
597,"Kendall's",Japanese,$$$$,Chinatown,11:00,21:00,3,1
598,"Barton's",French,$$,Astoria,12:00,22:30,4,1
599,"Patricia's",Asian,$$,Bushwick,12:00,22:00,4,0
600,"Artair's",Deli,$$,Chelsea,11:00,21:00,5,1
601,"Edouard's",Pizzeria,$$,Harlem,11:00,21:30,5,1
602,"Andi's",Mexican,$$,Astoria,11:00,21:30,2,1
603,"Charmian's",Turkish,$,SoHo,12:00,23:00,3,1
604,"Adara's",Chinese,$$$$,Astoria,11:00,21:00,5,1
605,"Wallace's",Japanese,$,Harlem,12:00,22:00,5,1
606,"Phillie's",Mediterranean,$$,"South Bronx",12:00,23:00,4,1
607,"Creigh's",Italian,$$$,Riverdale,12:00,22:00,5,1
608,"Danella's",American,$$$,Astoria,11:00,21:00,2,0
609,"Beverie's",French,$$,Chelsea,12:00,22:00,5,1
610,"Bourke's",Chinese,$$$,SoHo,11:00,21:30,4,1
611,"Tresa's",Indian,$$,Harlem,12:00,23:00,1,1
612,"Karlie's",Indian,$$,"Jackson Heights",12:00,22:00,5,1
613,"Belia's",Indian,$$$$,"South Bronx",12:00,22:30,2,1
614,"Jaine's",Chinese,$$$,Chinatown,12:00,22:30,5,1
615,"Melosa's",Vietnamese,$$$,Chelsea,11:00,21:30,2,1
616,"Sancho's",American,$$,"Jackson Heights",12:00,22:30,2,1
617,"Frazer's",French,$$$$,Jamaica,11:00,21:30,3,1
618,"Bogey's",Columbian,$,Jamaica,11:00,21:30,4,1
619,"Trina's",Asian,$,"South Bronx",12:00,23:00,3,1
620,"Clim's",Chinese,$$$,Midtown,12:00,22:30,5,1
621,"Cornie's",Spanish,$$$,Flatbush,12:00,23:00,3,1
622,"Nedi's",Italian,$$,Bushwick,12:00,23:00,5,1
623,"Dorella's",Spanish,$$,"South Bronx",12:00,23:00,4,1
624,"Jeffy's",Pizzeria,$$,Bushwick,11:00,21:30,5,1
625,"Maury's",Asian,$$,SoHo,12:00,23:00,4,0
626,"Renaldo's",Mediterranean,$$$,Williamsburg,11:00,21:00,4,1
627,"Nissy's",Turkish,$$$$,"Jackson Heights",11:00,21:00,1,1
628,"Godiva's",Fast-food,$$,Jamaica,11:00,21:00,4,1
629,"Krystal's",American,$,Chelsea,12:00,23:00,3,1
630,"Ladonna's",Mediterranean,$$$,Chinatown,12:00,22:30,2,1
631,"Faulkner's",Indian,$$$,Chelsea,12:00,22:00,2,1
632,"Chris's",Mediterranean,$,"South Bronx",11:00,21:30,4,1
633,"Rowe's",Mexican,$$$,Tribeca,12:00,23:00,4,1
634,"Dougie's",Deli,$,Flushing,11:00,21:00,3,1
635,"Nadiya's",Japanese,$$,Tribeca,12:00,22:00,2,1
636,"Dewie's",Chinese,$$,"South Bronx",12:00,23:00,4,0
637,"Kiley's",American,$$$$,"South Bronx",12:00,22:00,4,1
638,"Meryl's",Vietnamese,$$$$,Williamsburg,12:00,22:00,4,1
639,"Sinclair's",Vietnamese,$$,Harlem,11:00,21:00,2,1
640,"Larry's",Indian,$$$,Tribeca,11:00,21:00,4,1
641,"Micheal's",Mexican,$$$,"South Bronx",11:00,21:30,4,1
642,"Leland's",Mediterranean,$$,"Jackson Heights",11:00,21:00,2,1
643,"Stanislaus's",Greek,$,"South Bronx",12:00,23:00,2,1
644,"Amelita's",Fast-food,$$,"South Bronx",11:00,21:30,4,1
645,"Karon's",Pizzeria,$$$,SoHo,12:00,22:00,4,0
646,"Willa's",Columbian,$$$$,Jamaica,12:00,23:00,4,0
647,"Isidoro's",Spanish,$$,Flatbush,11:00,21:30,1,1
648,"Paul's",Deli,$$$$,Astoria,12:00,23:00,3,1
649,"Val's",Asian,$,"South Bronx",11:00,21:00,2,1
650,"Gusella's",American,$$$,Williamsburg,12:00,23:00,5,1
651,"Ryann's",Chinese,$$$,Midtown,11:00,21:30,4,1
652,"Dorree's",Deli,$$$,Astoria,11:00,21:30,5,0
653,"Stephine's",Deli,$$$,"Sunset Park",12:00,22:30,2,0
654,"Edee's",Italian,$$$,Midtown,11:00,21:00,1,1
655,"Burl's",Mediterranean,$$$,Tribeca,11:00,21:00,3,1
656,"Vernice's",Vietnamese,$$$,"Sunset Park",11:00,21:30,5,1
657,"Sydelle's",American,$$,Riverdale,11:00,21:00,3,1
658,"Claudius's",Fast-food,$$$$,Tribeca,11:00,21:00,4,1
659,"Riley's",Turkish,$$$,Flushing,12:00,22:30,3,1
660,"Padraig's",American,$$,Williamsburg,12:00,22:00,3,1
661,"Neale's",Greek,$,Bushwick,12:00,23:00,4,1
662,"Valentina's",French,$$$,"Sunset Park",12:00,23:00,1,0
663,"Charline's",Mexican,$$,"Sunset Park",12:00,23:00,5,1
664,"Jacquelynn's",Columbian,$$$,Harlem,11:00,21:00,5,1
665,"Zak's",Vietnamese,$$,Chinatown,12:00,23:00,2,1
666,"Dagmar's",Indian,$$,"Sunset Park",12:00,22:00,4,0
667,"Cristi's",American,$$,Harlem,11:00,21:00,1,1
668,"Sarajane's",Moroccan,$,Flushing,12:00,22:00,2,1
669,"Leona's",Japanese,$$,Flushing,11:00,21:30,4,1
670,"Marty's",French,$$,Williamsburg,11:00,21:30,4,1
671,"Gwyn's",Asian,$,"Jackson Heights",12:00,23:00,4,0
672,"Marena's",Spanish,$$$,Flatbush,12:00,22:00,4,1
673,"Nev's",Italian,$$,Flushing,11:00,21:30,5,1
674,"Udale's",Pizzeria,$$$,Astoria,11:00,21:30,5,1
675,"Dotti's",Japanese,$$$,Astoria,12:00,22:30,3,1
676,"Nelson's",Pizzeria,$$,"Sunset Park",12:00,23:00,3,1
677,"Garrick's",Asian,$$$$,Bushwick,12:00,23:00,3,1
678,"Margarethe's",Soul,$$,"South Bronx",12:00,23:00,1,1
679,"Dore's",Soul,$$,Flatbush,11:00,21:30,4,1
680,"Domenic's",Pizzeria,$$,Bushwick,11:00,21:00,5,0
681,"Dani's",Mediterranean,$,Astoria,11:00,21:30,5,1
682,"Orville's",Turkish,$$$,Harlem,11:00,21:00,2,1
683,"Milena's",American,$$$,Astoria,12:00,23:00,4,1
684,"Dorelia's",Italian,$$$,SoHo,12:00,22:30,4,1
685,"Tessi's",Columbian,$$$,SoHo,12:00,22:00,4,1
686,"Nick's",Japanese,$$,Bushwick,12:00,23:00,2,1
687,"Thorn's",Mediterranean,$$$,"South Bronx",12:00,22:30,2,0
688,"Gunter's",Asian,$$$,SoHo,11:00,21:30,3,0
689,"Lowe's",Mexican,$$$,Williamsburg,12:00,22:30,4,1
690,"Lennie's",Columbian,$$,Midtown,11:00,21:00,5,1
691,"Myrah's",Greek,$$,Flatbush,11:00,21:30,5,1
692,"Teressa's",French,$$,Williamsburg,12:00,22:30,4,1
693,"Ella's",French,$$$,"Jackson Heights",11:00,21:30,3,1
694,"Laura's",Japanese,$$$$,Flatbush,11:00,21:30,5,1
695,"Novelia's",Moroccan,$$$$,Midtown,11:00,21:30,4,1
696,"Ariana's",French,$$$,Chelsea,11:00,21:00,5,0
697,"Husain's",Italian,$$$,SoHo,12:00,22:30,4,1
698,"Pamella's",Italian,$$,Chinatown,12:00,22:30,1,0
699,"Andria's",Columbian,$,Chinatown,12:00,22:30,4,1
700,"Maritsa's",Italian,$$,Chelsea,12:00,22:30,5,1
701,"Starlene's",Deli,$$,"Sunset Park",11:00,21:30,4,1
702,"Malachi's",Deli,$$$,"South Bronx",12:00,22:00,5,1
703,"Michelina's",Fast-food,$$,"Sunset Park",11:00,21:30,3,0
704,"Dominique's",Chinese,$$$$,"Jackson Heights",12:00,23:00,5,1
705,"Joelle's",Spanish,$,Riverdale,12:00,22:00,5,0
706,"Dalston's",Deli,$$,"South Bronx",12:00,22:00,5,1
707,"Cyndia's",Chinese,$,Bushwick,11:00,21:00,4,1
708,"Jaye's",Asian,$$$,Chinatown,12:00,22:30,3,1
709,"Lorettalorna's",Fast-food,$$$,Chelsea,12:00,22:30,1,1
710,"Royall's",Pizzeria,$$,Flushing,11:00,21:00,5,1
711,"Glennie's",Fast-food,$$,Riverdale,12:00,23:00,3,1
712,"Bondy's",Deli,$,Chelsea,12:00,22:30,4,1
713,"Ase's",Greek,$$,Jamaica,11:00,21:30,1,1
714,"Dugald's",Deli,$,Riverdale,11:00,21:30,3,1
715,"Tarra's",Spanish,$$,"Sunset Park",11:00,21:30,4,1
716,"Kristoffer's",Italian,$$$$,SoHo,12:00,22:30,1,1
717,"Donny's",Pizzeria,$,Flushing,11:00,21:30,5,0
718,"Gilemette's",Columbian,$$,Williamsburg,11:00,21:00,4,1
719,"Clayborn's",Japanese,$$,Flushing,11:00,21:30,5,1
720,"Keene's",Italian,$$,Flushing,11:00,21:30,4,0
721,"Geoff's",French,$$$,Williamsburg,12:00,22:00,5,0
722,"Aurelea's",Asian,$$,Flatbush,12:00,22:30,5,1
723,"Arley's",Vietnamese,$$,SoHo,11:00,21:30,3,1
724,"Ramonda's",Asian,$$$,Williamsburg,12:00,22:30,2,1
725,"Lavina's",Spanish,$$,"Sunset Park",12:00,22:30,4,1
726,"Saba's",Pizzeria,$$,Jamaica,11:00,21:30,3,1
727,"Daisy's",French,$$$,"Jackson Heights",12:00,22:00,4,1
728,"Pepi's",Spanish,$,"Sunset Park",12:00,22:30,2,1
729,"Skipp's",Chinese,$$$$,Flushing,12:00,22:00,4,1
730,"Isaak's",Mediterranean,$$,Williamsburg,11:00,21:30,4,1
731,"Adele's",Soul,$$$,Bushwick,12:00,22:00,4,1
732,"Shaylah's",Italian,$$,Flushing,12:00,23:00,3,1
733,"Tye's",Italian,$$,Jamaica,11:00,21:30,2,1
734,"Philis's",Moroccan,$$$$,Williamsburg,12:00,22:00,3,1
735,"Andrei's",Asian,$$$,SoHo,12:00,23:00,2,0
736,"Auberon's",Mexican,$$,"South Bronx",11:00,21:30,5,1
737,"Dusty's",Asian,$$$,Riverdale,11:00,21:30,4,1
738,"Bentlee's",Mediterranean,$$,"South Bronx",12:00,23:00,2,0
739,"Papageno's",Spanish,$$,"Jackson Heights",11:00,21:30,4,0
740,"Lebbie's",Mexican,$$,Midtown,12:00,22:30,4,1
741,"Eugenia's",Soul,$$$$,Midtown,11:00,21:30,4,1
742,"Celina's",Asian,$,"Sunset Park",12:00,22:00,5,1
743,"Dian's",Chinese,$$$,Chelsea,12:00,22:00,4,1
744,"Zulema's",Deli,$$,Chelsea,11:00,21:00,3,1
745,"Rahel's",Columbian,$$,Williamsburg,11:00,21:30,1,0
746,"Rochella's",Greek,$,SoHo,11:00,21:00,3,1
747,"Albert's",French,$$,Williamsburg,12:00,23:00,4,1
748,"Marthena's",French,$$,Bushwick,12:00,22:00,5,0
749,"Aarika's",Turkish,$$$,Chelsea,11:00,21:00,5,1
750,"Opaline's",Turkish,$$$$,Flatbush,12:00,22:00,3,1
751,"Jordon's",Japanese,$,Harlem,11:00,21:30,4,0
752,"Jeddy's",Turkish,$$$$,Harlem,12:00,23:00,2,0
753,"Jillie's",French,$$$,"Sunset Park",11:00,21:00,5,1
754,"Jana's",Chinese,$$,Flushing,12:00,22:00,3,1
755,"Dulcy's",Indian,$$$,Chinatown,12:00,22:00,2,1
756,"Carolin's",Italian,$$$,Harlem,11:00,21:30,3,0
757,"Faulkner's",Deli,$$,"South Bronx",12:00,22:30,4,1
758,"Dael's",Italian,$$$$,Tribeca,11:00,21:00,5,1
759,"Vivian's",Mexican,$$$,Chelsea,12:00,23:00,5,1
760,"Mia's",Chinese,$,Jamaica,11:00,21:00,3,0
761,"Evan's",Japanese,$$,Bushwick,12:00,23:00,4,0
762,"Valentino's",Greek,$$$,"Jackson Heights",11:00,21:30,4,0
763,"Brooke's",Spanish,$$$$,Astoria,11:00,21:00,4,1
764,"Tallulah's",Greek,$$,SoHo,11:00,21:30,4,1
765,"Mill's",American,$$$$,"South Bronx",12:00,22:00,5,1
766,"Merle's",Fast-food,$$,SoHo,11:00,21:30,1,1
767,"Caprice's",Mexican,$$,Harlem,11:00,21:30,3,1
768,"Shel's",Mediterranean,$$,"Sunset Park",12:00,23:00,4,0
769,"Riccardo's",Pizzeria,$$,Chinatown,12:00,22:00,1,1
770,"Maris's",Italian,$,Flatbush,11:00,21:00,3,0
771,"De witt's",Chinese,$$,Flushing,11:00,21:00,3,1
772,"Willy's",Vietnamese,$,"Sunset Park",12:00,22:00,2,1
773,"Mommy's",Indian,$$,Bushwick,12:00,22:30,4,1
774,"Nathaniel's",Italian,$$$,"Sunset Park",12:00,22:30,4,1
775,"Ginnie's",American,$$,Astoria,12:00,22:30,4,1
776,"Tami's",Vietnamese,$$,Harlem,11:00,21:30,2,1
777,"Siegfried's",Moroccan,$$,Bushwick,12:00,22:30,4,1
778,"Ode's",Asian,$$,Chelsea,12:00,22:30,3,1
779,"Ferdy's",Mexican,$$,Bushwick,12:00,22:00,3,1
780,"Noella's",French,$$$,Chelsea,12:00,23:00,4,1
781,"Jena's",Asian,$,Flushing,12:00,23:00,4,1
782,"Katinka's",Greek,$$,SoHo,11:00,21:30,2,1
783,"Albertina's",Soul,$$$,Williamsburg,12:00,22:30,4,1
784,"Kimmi's",Moroccan,$,Flushing,12:00,22:00,4,1
785,"Leslie's",Indian,$$$,Riverdale,12:00,22:30,5,0
786,"Shelley's",Mediterranean,$$,Tribeca,11:00,21:00,5,0
787,"Pierette's",Moroccan,$,Flatbush,12:00,23:00,5,1
788,"Lock's",Turkish,$,Tribeca,12:00,22:30,4,1
789,"Baryram's",Moroccan,$$$$,Harlem,11:00,21:30,3,0
790,"Constantia's",Fast-food,$$$,Flushing,11:00,21:30,4,0
791,"Guenna's",Asian,$$$$,Midtown,12:00,22:00,1,1
792,"Pamella's",Columbian,$,Astoria,12:00,22:30,5,1
793,"Worthy's",Pizzeria,$$,Chinatown,11:00,21:30,3,0
794,"Ingeberg's",Moroccan,$$,Midtown,12:00,22:00,2,1
795,"Shaylyn's",French,$$$,Flushing,12:00,22:30,4,1
796,"Harli's",Turkish,$$,Flushing,11:00,21:30,5,1
797,"Ashia's",Columbian,$$$,Flushing,12:00,22:00,4,1
798,"Paulie's",Italian,$$,Harlem,11:00,21:30,4,0
799,"Katherina's",Mediterranean,$$,Chelsea,11:00,21:30,2,1
800,"Jecho's",Deli,$$$,Harlem,12:00,22:30,3,1
801,"Maybelle's",American,$$,SoHo,11:00,21:30,4,1
802,"Amie's",Fast-food,$$,Chelsea,11:00,21:00,5,0
803,"Em's",Vietnamese,$$,Williamsburg,12:00,22:30,4,1
804,"Emlynn's",Deli,$$$,Williamsburg,12:00,23:00,3,0
805,"Rikki's",Mexican,$$,Astoria,12:00,22:30,3,1
806,"Lolly's",Italian,$,"Sunset Park",11:00,21:30,1,1
807,"Corney's",Spanish,$$,Chelsea,12:00,22:00,3,0
808,"Jessamyn's",Indian,$$$,"Jackson Heights",11:00,21:00,3,0
809,"Ikey's",Pizzeria,$$,Harlem,12:00,23:00,5,1
810,"Cristy's",Fast-food,$$$$,Bushwick,11:00,21:30,4,1
811,"Sara-ann's",Mediterranean,$$,Flushing,12:00,23:00,4,1
812,"Jeramey's",Chinese,$,Jamaica,12:00,22:00,3,1
813,"Brita's",Pizzeria,$$,"Jackson Heights",12:00,23:00,3,1
814,"Herold's",Chinese,$$$$,Chinatown,11:00,21:30,5,1
815,"Hillard's",Mediterranean,$,Midtown,11:00,21:00,5,1
816,"Yolane's",Asian,$,"Sunset Park",11:00,21:00,5,0
817,"Dee's",Deli,$$$,Jamaica,12:00,22:30,4,1
818,"Prentice's",Italian,$$$,"Sunset Park",11:00,21:00,5,1
819,"Karylin's",Soul,$,Harlem,12:00,22:00,5,1
820,"Dietrich's",Mediterranean,$$,SoHo,12:00,22:30,4,0
821,"Evelina's",Indian,$$$,"Jackson Heights",12:00,22:30,4,1
822,"Chloette's",American,$$$,Astoria,12:00,22:00,5,1
823,"Catherin's",Mexican,$$$,"South Bronx",11:00,21:30,1,1
824,"Karlotta's",Fast-food,$$,"South Bronx",11:00,21:30,4,1
825,"Loise's",Spanish,$,"South Bronx",12:00,23:00,2,1
826,"Gerry's",Columbian,$,"Sunset Park",12:00,23:00,2,1
827,"Ferguson's",Indian,$,Williamsburg,12:00,22:30,3,0
828,"Sibilla's",Italian,$$,Chelsea,12:00,23:00,2,1
829,"Consalve's",Turkish,$$,"Sunset Park",11:00,21:00,4,1
830,"Mariele's",Vietnamese,$,Flatbush,12:00,22:00,1,0
831,"Randi's",Moroccan,$$$,Flushing,11:00,21:30,4,1
832,"Anneliese's",Indian,$,"South Bronx",11:00,21:30,4,0
833,"Gerek's",American,$$$,Jamaica,11:00,21:30,4,0
834,"Babbie's",Asian,$$$$,Tribeca,11:00,21:00,2,1
835,"Constantine's",Soul,$$,Chelsea,12:00,23:00,4,1
836,"Hugh's",Vietnamese,$$,"South Bronx",11:00,21:00,4,1
837,"Warde's",Mexican,$$,Chinatown,12:00,23:00,4,1
838,"Carroll's",Soul,$$$,Bushwick,11:00,21:00,1,1
839,"Yevette's",Mexican,$$$,"South Bronx",11:00,21:00,4,1
840,"Rocky's",Japanese,$$,Williamsburg,11:00,21:00,3,0
841,"Fabe's",Japanese,$$,Midtown,11:00,21:30,4,0
842,"Colby's",Columbian,$$,Tribeca,11:00,21:30,3,0
843,"Ray's",Vietnamese,$$$,Chinatown,11:00,21:30,5,1
844,"Paten's",Spanish,$$$$,"Jackson Heights",12:00,22:00,4,1
845,"Maxie's",Italian,$,SoHo,12:00,23:00,2,1
846,"Alexis's",Fast-food,$$,"Jackson Heights",11:00,21:30,4,1
847,"Freddy's",Italian,$$,"Jackson Heights",12:00,22:30,2,1
848,"Coralyn's",Japanese,$$$,"Jackson Heights",12:00,23:00,4,1
849,"Christyna's",Columbian,$$$$,"Sunset Park",11:00,21:00,4,0
850,"Hilde's",French,$$,Chinatown,11:00,21:00,3,0
851,"Nathalie's",Japanese,$$,Williamsburg,11:00,21:30,2,1
852,"Maxwell's",Soul,$$$$,Flatbush,11:00,21:30,4,1
853,"Lonny's",Greek,$$,Midtown,11:00,21:30,2,1
854,"Bobbette's",Moroccan,$$$,Tribeca,12:00,23:00,4,1
855,"Ramsay's",Turkish,$$$,Midtown,12:00,22:30,2,1
856,"Storm's",French,$$$,"Jackson Heights",11:00,21:30,3,1
857,"Rhonda's",Soul,$$,Bushwick,12:00,22:30,5,1
858,"Jasun's",Mediterranean,$$$$,Astoria,12:00,22:00,5,1
859,"Lucia's",Japanese,$$$,Flatbush,12:00,23:00,1,1
860,"Fredi's",Italian,$$$$,Bushwick,11:00,21:00,2,1
861,"Essie's",Pizzeria,$$$,Bushwick,12:00,22:00,5,1
862,"Heath's",Asian,$$,Harlem,11:00,21:00,5,1
863,"Samaria's",Mexican,$$$,"Jackson Heights",12:00,22:00,4,1
864,"Meridith's",Turkish,$$$,Astoria,12:00,23:00,1,1
865,"Mitch's",Greek,$$$$,Tribeca,11:00,21:30,3,1
866,"Wyndham's",Mediterranean,$$$,Harlem,11:00,21:30,3,1
867,"Maison's",Indian,$$,"Sunset Park",11:00,21:30,2,1
868,"Hieronymus's",Asian,$$$,Jamaica,11:00,21:30,3,1
869,"Tally's",Greek,$$,Williamsburg,11:00,21:30,2,1
870,"Eal's",Chinese,$$,Flushing,12:00,23:00,4,1
871,"Midge's",Asian,$$,Williamsburg,11:00,21:00,4,1
872,"Merwyn's",Indian,$$,Jamaica,12:00,22:30,3,1
873,"Sindee's",Italian,$$,"Jackson Heights",12:00,22:30,4,1
874,"Chandal's",American,$$$,Tribeca,12:00,22:30,5,1
875,"Orrin's",Vietnamese,$$,Flushing,12:00,22:30,4,1
876,"Rebekah's",Greek,$$,Astoria,11:00,21:00,4,1
877,"Vicki's",Columbian,$$$,Williamsburg,12:00,23:00,4,1
878,"Mercedes's",American,$$,Riverdale,12:00,22:00,4,1
879,"Brucie's",Indian,$$,Jamaica,11:00,21:00,4,1
880,"Brigit's",Pizzeria,$$,Flatbush,11:00,21:30,5,1
881,"Angelia's",Spanish,$$,Tribeca,11:00,21:00,2,1
882,"Ibrahim's",Columbian,$,Bushwick,12:00,22:00,4,1
883,"Patrizio's",Pizzeria,$$$,Astoria,11:00,21:00,5,0
884,"Wilfred's",Vietnamese,$$,Jamaica,11:00,21:30,2,1
885,"Wesley's",Italian,$$,Harlem,12:00,22:30,3,1
886,"Kariotta's",Japanese,$$,Jamaica,12:00,23:00,5,0
887,"Eleonora's",Mediterranean,$$,Chinatown,11:00,21:30,5,1
888,"Colin's",Asian,$,"Jackson Heights",11:00,21:30,4,1
889,"Teriann's",Fast-food,$,"Jackson Heights",12:00,22:00,4,1
890,"Desdemona's",Mexican,$$,"Jackson Heights",12:00,23:00,3,1
891,"Cointon's",Fast-food,$$,Flushing,12:00,22:00,4,1
892,"Leonard's",Mediterranean,$$$,Williamsburg,12:00,23:00,3,1
893,"Davey's",French,$$$$,"Jackson Heights",12:00,23:00,4,1
894,"Margette's",Mexican,$$,Midtown,12:00,22:30,5,1
895,"Skell's",French,$$$,Riverdale,12:00,22:00,5,1
896,"Fergus's",Japanese,$$$,Flatbush,12:00,23:00,3,1
897,"Angelica's",Asian,$,Chelsea,12:00,23:00,5,1
898,"Hollie's",Italian,$$,Williamsburg,12:00,23:00,3,1
899,"Cybil's",Italian,$$,Astoria,11:00,21:30,5,1
900,"Donetta's",Fast-food,$$$,Tribeca,11:00,21:00,3,1
901,"Broderic's",Mexican,$$,Midtown,11:00,21:30,5,1
902,"Raddy's",Mediterranean,$$,Flushing,12:00,22:30,1,0
903,"Montgomery's",Moroccan,$$,SoHo,12:00,22:30,2,1
904,"Nichole's",Japanese,$$$,"Jackson Heights",12:00,22:30,5,1
905,"Anabella's",Vietnamese,$,Midtown,11:00,21:00,4,0
906,"Edgar's",Columbian,$,Flushing,12:00,22:30,4,1
907,"Korrie's",Soul,$$,SoHo,11:00,21:30,4,1
908,"Everett's",American,$$$,Williamsburg,11:00,21:30,1,0
909,"Thorn's",Moroccan,$$,Bushwick,11:00,21:00,1,1
910,"Kerry's",Vietnamese,$$$$,"Sunset Park",11:00,21:30,4,1
911,"Will's",Chinese,$$,Astoria,12:00,23:00,4,1
912,"Luz's",Soul,$$,Riverdale,12:00,22:00,4,1
913,"Jacob's",Spanish,$$,Harlem,12:00,22:30,2,1
914,"Rusty's",Mexican,$$,Riverdale,12:00,23:00,3,1
915,"Consuela's",Asian,$$,Astoria,11:00,21:00,4,0
916,"Paolina's",Columbian,$$,"Jackson Heights",12:00,23:00,2,1
917,"Umberto's",Spanish,$$$$,Bushwick,11:00,21:00,5,1
918,"Nathanial's",Mediterranean,$$,Astoria,12:00,23:00,1,1
919,"Fredek's",Vietnamese,$,"Jackson Heights",11:00,21:30,3,1
920,"Britte's",Mexican,$$$,Flushing,11:00,21:00,3,1
921,"Marleah's",Mexican,$,Flatbush,12:00,23:00,1,1
922,"Sibley's",Pizzeria,$$$,Chelsea,11:00,21:30,5,1
923,"Chan's",Moroccan,$$,Bushwick,11:00,21:30,1,1
924,"Sue's",Greek,$$,Flatbush,12:00,22:30,4,1
925,"Chester's",Vietnamese,$$$$,Tribeca,12:00,22:30,4,1
926,"Philomena's",Turkish,$$$,"South Bronx",11:00,21:30,4,1
927,"Cherrita's",Mediterranean,$,SoHo,12:00,22:00,1,1
928,"Orville's",Japanese,$$,Bushwick,12:00,22:30,2,1
929,"Cole's",Pizzeria,$$,Bushwick,12:00,22:00,5,1
930,"Nealon's",Asian,$,"Jackson Heights",12:00,23:00,5,0
931,"Reube's",Mexican,$$,Chelsea,12:00,22:00,2,1
932,"Adelle's",Japanese,$$$$,Chinatown,12:00,22:00,3,1
933,"Emmit's",Soul,$$$,"Sunset Park",12:00,23:00,2,1
934,"Dollie's",Italian,$,Tribeca,11:00,21:30,5,1
935,"Alexis's",Fast-food,$$,Chinatown,12:00,22:30,5,1
936,"Sabrina's",Fast-food,$$,Astoria,12:00,22:00,2,1
937,"Randy's",Mexican,$$,Chinatown,12:00,23:00,3,1
938,"Britney's",Mediterranean,$$,Chelsea,12:00,23:00,5,1
939,"Merv's",French,$$,Williamsburg,11:00,21:00,4,1
940,"Jen's",Mexican,$$,Riverdale,12:00,22:30,4,1
941,"Dionysus's",Spanish,$$,"Jackson Heights",12:00,23:00,4,1
942,"Geri's",American,$,Midtown,12:00,23:00,5,0
943,"Cecil's",Asian,$$,Williamsburg,12:00,23:00,3,1
944,"Jonathon's",Italian,$$,Jamaica,11:00,21:30,5,1
945,"Vinny's",Soul,$$,Midtown,12:00,22:30,5,0
946,"Ashien's",Deli,$$,"Sunset Park",12:00,22:30,5,0
947,"Christos's",American,$$,"South Bronx",12:00,23:00,4,1
948,"Fanchette's",Asian,$$$$,Williamsburg,12:00,22:30,4,0
949,"Temp's",Fast-food,$$,Midtown,12:00,22:30,5,1
950,"Steffie's",Mediterranean,$$$$,"South Bronx",12:00,22:30,5,0
951,"Delmar's",Soul,$$,Bushwick,12:00,22:30,4,1
952,"Sutherland's",Italian,$,Chelsea,12:00,22:30,3,1
953,"Nicol's",Asian,$$$,Harlem,12:00,22:30,4,1
954,"Mac's",Mediterranean,$$,Midtown,11:00,21:00,5,1
955,"Danya's",Mexican,$,Riverdale,12:00,22:00,2,1
956,"Beniamino's",Moroccan,$$,Midtown,11:00,21:00,1,1
957,"Wesley's",Japanese,$,"South Bronx",11:00,21:30,5,0
958,"Chrysa's",Japanese,$$$,"South Bronx",12:00,23:00,2,1
959,"Carrissa's",American,$$$,Bushwick,11:00,21:00,3,1
960,"Leonore's",Mediterranean,$$,"Jackson Heights",12:00,23:00,3,0
961,"Lexy's",Greek,$$,SoHo,11:00,21:00,5,1
962,"Madge's",Indian,$$,Chelsea,12:00,22:00,3,1
963,"Dredi's",Turkish,$$,Chinatown,12:00,22:30,2,1
964,"Gill's",Vietnamese,$$,Riverdale,12:00,23:00,4,1
965,"Zabrina's",Turkish,$$,Bushwick,11:00,21:00,4,1
966,"Jillayne's",Pizzeria,$$,Flatbush,11:00,21:00,3,0
967,"Sarina's",Japanese,$$,Astoria,11:00,21:00,3,1
968,"Munmro's",Pizzeria,$$$,Chelsea,11:00,21:30,4,1
969,"Devin's",Italian,$$$,SoHo,11:00,21:00,5,1
970,"Prentiss's",American,$,Williamsburg,12:00,23:00,5,1
971,"Linnie's",Japanese,$$,SoHo,12:00,22:30,3,1
972,"Barbette's",Greek,$$,Midtown,12:00,23:00,1,1
973,"Wilone's",Mexican,$,Astoria,11:00,21:00,4,1
974,"Annis's",Mediterranean,$$,Chinatown,12:00,22:30,5,1
975,"Donna's",American,$$$,Tribeca,11:00,21:00,1,0
976,"Feodor's",Mexican,$$,"Sunset Park",12:00,22:30,3,1
977,"Reeba's",Soul,$$$,Williamsburg,11:00,21:30,3,0
978,"Perceval's",American,$$,Tribeca,12:00,22:00,2,0
979,"Jim's",Spanish,$$$,"South Bronx",11:00,21:30,5,1
980,"Robbyn's",Turkish,$,Midtown,12:00,23:00,5,1
981,"Jethro's",Italian,$$$,Tribeca,12:00,22:30,5,1
982,"Jobina's",Greek,$$$,Flatbush,11:00,21:00,5,0
983,"Margot's",Moroccan,$$$,Tribeca,12:00,22:30,5,1
984,"Aubrey's",Greek,$$$,Jamaica,11:00,21:00,1,0
985,"Daffie's",Japanese,$$,SoHo,11:00,21:00,4,0
986,"Murray's",Fast-food,$$,Riverdale,12:00,22:00,1,1
987,"Cathee's",Mexican,$$,Bushwick,11:00,21:30,3,1
988,"Derron's",Pizzeria,$,Midtown,11:00,21:30,3,1
989,"Rosco's",Chinese,$$$,Riverdale,11:00,21:30,2,1
990,"Carma's",Chinese,$$,"Sunset Park",11:00,21:00,4,1
991,"Wilmar's",Soul,$$,Tribeca,12:00,23:00,5,1
992,"Rabbi's",Mexican,$$$$,Chinatown,12:00,22:30,4,1
993,"Dasie's",Indian,$$,Flushing,11:00,21:00,4,1
994,"Maddalena's",Pizzeria,$$,"Sunset Park",12:00,22:00,5,1
995,"Jacqui's",Greek,$$,Flatbush,11:00,21:30,5,0
996,"Joelly's",Greek,$$,Harlem,12:00,23:00,4,1
997,"Hartley's",American,$$,Riverdale,12:00,22:30,4,1
998,"Preston's",Columbian,$,Harlem,11:00,21:30,5,1
999,"Mandy's",Mexican,$,"Jackson Heights",12:00,23:00,3,0
1000,"Alexandrina's",Columbian,$$,SoHo,11:00,21:00,5,1